val,test
3.1310575008392334,3.1322240829467773
3.131434202194214,3.1324806213378906
3.1306188106536865,3.1323771476745605
3.131056070327759,3.131869316101074
3.1309449672698975,3.1317737102508545
3.130999803543091,3.1325550079345703
3.1312904357910156,3.1321706771850586
3.1313819885253906,3.1326634883880615
3.1311042308807373,3.132316827774048
3.1307613849639893,3.132254123687744
