val,test
0.05888456478714943,0.06022438406944275
0.0566616952419281,0.05780886113643646
0.05628182739019394,0.05758383497595787
0.055446818470954895,0.05753776803612709
0.05580275505781174,0.05710158869624138
0.0555909238755703,0.05759826675057411
0.055671580135822296,0.05727433040738106
0.055330924689769745,0.05679146945476532
0.05556067079305649,0.05748768895864487
0.055704016238451004,0.057527169585227966
