val,test
3.114586114883423,3.1148087978363037
3.1142945289611816,3.1142752170562744
3.115300416946411,3.113687038421631
3.115117311477661,3.114863634109497
3.1153452396392822,3.1141357421875
3.1141533851623535,3.113722801208496
3.1149513721466064,3.114065647125244
3.1143155097961426,3.1134514808654785
3.1137728691101074,3.1142120361328125
3.1139605045318604,3.1150834560394287
