val,test
0.11234284192323685,0.11376384645700455
0.08343155682086945,0.08580975234508514
0.07388531416654587,0.07614663988351822
0.06910920888185501,0.07152139395475388
0.06645824760198593,0.06834997981786728
0.06422843784093857,0.0665072426199913
0.0632484033703804,0.06514313071966171
0.061943210661411285,0.06408677250146866
0.0614607110619545,0.0633465051651001
0.061042919754981995,0.06238865852355957
