val,test
0.09923703968524933,0.10086498409509659
0.07822712510824203,0.07945576310157776
0.07105913013219833,0.07171718031167984
0.06682570278644562,0.06771837174892426
0.06426965445280075,0.0648813545703888
0.062159642577171326,0.0632001981139183
0.06123904511332512,0.06211855262517929
0.060288552194833755,0.060690175741910934
0.05982644855976105,0.06021880730986595
0.059126488864421844,0.05974952504038811
