val,test
1.0494991540908813,1.0526090860366821
0.6421977281570435,0.6518154740333557
0.5443055629730225,0.5543962121009827
0.5088661909103394,0.5188469290733337
0.4833424389362335,0.4960775375366211
0.46770039200782776,0.4738926589488983
0.45334213972091675,0.46249642968177795
0.44872480630874634,0.4477897584438324
0.42636603116989136,0.4283613860607147
0.3851296901702881,0.39078155159950256
