val,test
0.056824345141649246,0.05856933817267418
0.05692118778824806,0.05843484774231911
0.056532736867666245,0.058579254895448685
0.05650290101766586,0.058085449039936066
0.055797312408685684,0.05856769159436226
0.05605980008840561,0.05781630054116249
0.05547107011079788,0.057623252272605896
0.05567774549126625,0.05786360800266266
0.0562899187207222,0.057757891714572906
0.05500958114862442,0.05689828842878342
