val,test
2.888273000717163,2.888596296310425
2.3398454189300537,2.3413074016571045
1.7332944869995117,1.736462950706482
1.4199312925338745,1.421633243560791
1.2836817502975464,1.2851426601409912
1.2303962707519531,1.2306866645812988
1.205880045890808,1.2062981128692627
1.1931077241897583,1.1908915042877197
1.1821740865707397,1.1807421445846558
1.174685001373291,1.1723740100860596
