val,test
0.1048751100897789,0.10816428810358047
0.0810067430138588,0.08258364349603653
0.07200255990028381,0.07312218099832535
0.067656509578228,0.0685344934463501
0.06490204483270645,0.06588941067457199
0.06358969956636429,0.06442826241254807
0.06189966946840286,0.06274041533470154
0.061527349054813385,0.06181466579437256
0.06059947609901428,0.06084122881293297
0.06000566482543945,0.06004726141691208
