val,test
3.2516016960144043,3.2485761642456055
3.251521587371826,3.248657464981079
3.251504421234131,3.2484281063079834
3.2514731884002686,3.248760223388672
3.251495599746704,3.248741865158081
3.251499652862549,3.2487051486968994
3.251391887664795,3.2486438751220703
3.2517082691192627,3.248542070388794
3.251497268676758,3.248655080795288
3.2516777515411377,3.2486701011657715
