val,test
3.1933417320251465,3.196748733520508
3.193345069885254,3.195181369781494
3.1943345069885254,3.1950511932373047
3.194248914718628,3.196021318435669
3.194045305252075,3.196235418319702
3.194300889968872,3.19579815864563
3.1942059993743896,3.197843313217163
3.1939163208007812,3.195753574371338
3.195363759994507,3.196824789047241
3.194828510284424,3.197584867477417
