val,test
0.28811630606651306,0.3005416989326477
0.15899568796157837,0.16282637417316437
0.12914860248565674,0.13111156225204468
0.11419706791639328,0.11562086641788483
0.10481022298336029,0.10559684038162231
0.09851939231157303,0.09898794442415237
0.09324582666158676,0.09446855634450912
0.08866799622774124,0.08977489918470383
0.08585162460803986,0.08636923879384995
0.08287231624126434,0.08329956978559494
