val,test
2.9710209369659424,2.9721639156341553
2.792736530303955,2.794621706008911
2.5787270069122314,2.580078601837158
2.332491397857666,2.3303799629211426
2.071716070175171,2.071638822555542
1.8322757482528687,1.8307781219482422
1.6171579360961914,1.617318034172058
1.419132947921753,1.4186723232269287
1.259973168373108,1.2592098712921143
1.136450171470642,1.1358957290649414
