val,test
2.780707359313965,2.7816336154937744
2.7811031341552734,2.7816710472106934
2.781054973602295,2.7814910411834717
2.7807726860046387,2.7817702293395996
2.780843496322632,2.7816522121429443
2.7809131145477295,2.781477689743042
2.780764579772949,2.7815983295440674
2.7807347774505615,2.7814087867736816
2.780709743499756,2.7816014289855957
2.7807090282440186,2.7814600467681885
