val,test
2.8919765949249268,2.8911378383636475
2.8916285037994385,2.89127254486084
2.891998529434204,2.8911943435668945
2.891449213027954,2.8908019065856934
2.892486572265625,2.89128041267395
2.8919689655303955,2.890899658203125
2.891531229019165,2.891066074371338
2.891796588897705,2.8912909030914307
2.8913774490356445,2.8906867504119873
2.892268180847168,2.8912298679351807
