val,test
3.216132879257202,3.2182891368865967
3.215449333190918,3.218205690383911
3.215259313583374,3.218992233276367
3.2157719135284424,3.2179691791534424
3.2155845165252686,3.217904567718506
3.21528959274292,3.2181711196899414
3.215775728225708,3.2186849117279053
3.2154383659362793,3.2179036140441895
3.2157278060913086,3.2183492183685303
3.2151763439178467,3.218575954437256
