val,test
0.17868706583976746,0.1874278038740158
0.17248201370239258,0.18074142932891846
0.17275302112102509,0.17774467170238495
0.1722777932882309,0.17651192843914032
0.1674947887659073,0.17880937457084656
0.16672666370868683,0.17957746982574463
0.17137333750724792,0.178232342004776
0.17341911792755127,0.18233531713485718
0.17259842157363892,0.1851542741060257
0.17069724202156067,0.186020627617836
