val,test
3.022953987121582,3.020357608795166
2.857717275619507,2.853245735168457
2.6562540531158447,2.6509830951690674
2.447784423828125,2.442227840423584
2.2342529296875,2.227139711380005
2.024496555328369,2.017259120941162
1.8264538049697876,1.81808602809906
1.642107605934143,1.6339904069900513
1.4766896963119507,1.4696130752563477
1.339214563369751,1.331498146057129
