val,test
3.25832462310791,3.258603096008301
3.2584526538848877,3.258709192276001
3.25837779045105,3.25877046585083
3.2583796977996826,3.2587568759918213
3.258431911468506,3.2586987018585205
3.258258104324341,3.258763551712036
3.258631944656372,3.2586233615875244
3.2583186626434326,3.258824586868286
3.258317232131958,3.2586944103240967
3.258493661880493,3.2588753700256348
