val,test
3.0719716548919678,3.0720009803771973
3.0721704959869385,3.0717356204986572
3.0723488330841064,3.071953535079956
3.0721242427825928,3.0719494819641113
3.0722382068634033,3.0721347332000732
3.0720627307891846,3.071837902069092
3.0720386505126953,3.071819543838501
3.0718636512756348,3.0719525814056396
3.072084426879883,3.071840286254883
3.0719094276428223,3.0718727111816406
