val,test
3.0775914192199707,3.0768322944641113
3.0777368545532227,3.0771615505218506
3.0776000022888184,3.0769901275634766
3.0774874687194824,3.0769739151000977
3.077548027038574,3.077150344848633
3.0777225494384766,3.076969861984253
3.077385663986206,3.076892852783203
3.0775017738342285,3.0770347118377686
3.0777528285980225,3.076992988586426
3.077521800994873,3.0769882202148438
