val,test
2.5560872554779053,2.5539820194244385
2.367887496948242,2.3624866008758545
2.1584205627441406,2.1509251594543457
1.9862619638442993,1.9764866828918457
1.8448560237884521,1.8363134860992432
1.7239824533462524,1.7172038555145264
1.620071530342102,1.6108989715576172
1.5263773202896118,1.517417073249817
1.4399017095565796,1.42970609664917
1.3553264141082764,1.344241976737976
