val,test
3.113912343978882,3.117853879928589
3.1137759685516357,3.1181912422180176
3.1140668392181396,3.117889165878296
3.1139795780181885,3.118191719055176
3.114105463027954,3.118119716644287
3.1139726638793945,3.117969512939453
3.1141281127929688,3.117861032485962
3.1138973236083984,3.117901086807251
3.1139960289001465,3.117692470550537
3.11407470703125,3.1177546977996826
