val,test
3.2208032608032227,3.2165324687957764
3.219500780105591,3.2185990810394287
3.2192623615264893,3.218581438064575
3.2204294204711914,3.219327211380005
3.2200794219970703,3.2177605628967285
3.2203943729400635,3.217945098876953
3.221386194229126,3.2179481983184814
3.22027850151062,3.2188243865966797
3.2208027839660645,3.217867612838745
3.2203257083892822,3.2173690795898438
