val,test
3.2582788467407227,3.2577555179595947
3.258378744125366,3.2578327655792236
3.258413791656494,3.257805824279785
3.258312463760376,3.2577266693115234
3.2584357261657715,3.2577922344207764
3.258136034011841,3.2578213214874268
3.2583420276641846,3.257739782333374
3.258389949798584,3.257840871810913
3.2583250999450684,3.2577390670776367
3.258251667022705,3.2577013969421387
