val,test
3.0574679374694824,3.061359405517578
3.0575883388519287,3.0614237785339355
3.0573511123657227,3.061401844024658
3.0576419830322266,3.061441659927368
3.057689666748047,3.0615286827087402
3.057596206665039,3.0612902641296387
3.0576388835906982,3.0614233016967773
3.0574052333831787,3.061347723007202
3.0574493408203125,3.061251401901245
3.057525396347046,3.0614328384399414
