val,test
3.431321382522583,3.4314980506896973
3.4314701557159424,3.43119215965271
3.4312796592712402,3.4315266609191895
3.4312989711761475,3.431772232055664
3.4313549995422363,3.4315128326416016
3.4313039779663086,3.431561231613159
3.4312171936035156,3.4313502311706543
3.4312989711761475,3.431457281112671
3.4315428733825684,3.4315736293792725
3.431443691253662,3.431443929672241
