val,test
0.2784195840358734,0.27665725350379944
0.22488854825496674,0.2233312875032425
0.20089270174503326,0.19898606836795807
0.18741843104362488,0.1852446049451828
0.17894247174263,0.17586806416511536
0.1712072491645813,0.1735006719827652
0.1655767560005188,0.16552743315696716
0.15503273904323578,0.15766984224319458
0.15211786329746246,0.15223173797130585
0.14919592440128326,0.14561930298805237
