val,test
0.27282774448394775,0.2720305621623993
0.21055032312870026,0.20735113322734833
0.18750379979610443,0.18996164202690125
0.17655518651008606,0.17598232626914978
0.16419553756713867,0.16560643911361694
0.16257844865322113,0.15940681099891663
0.15585654973983765,0.1530766487121582
0.15237632393836975,0.15078476071357727
0.15019986033439636,0.14909279346466064
0.15068979561328888,0.14873196184635162
