val,test
0.21537336707115173,0.1960788071155548
0.1943795531988144,0.19909007847309113
0.2136562466621399,0.20851774513721466
0.22191573679447174,0.20063604414463043
0.2309407740831375,0.2216118574142456
0.2261781394481659,0.21709401905536652
0.22583651542663574,0.22030627727508545
0.22823475301265717,0.21183840930461884
0.27564537525177,0.2722287178039551
0.3909856975078583,0.26637986302375793
