val,test
3.145317316055298,3.145975351333618
3.1446332931518555,3.145864725112915
3.144834518432617,3.144709587097168
3.1439409255981445,3.1446640491485596
3.1448864936828613,3.145441770553589
3.1448166370391846,3.146803379058838
3.144181489944458,3.145451068878174
3.1455237865448,3.146007537841797
3.144747018814087,3.1458139419555664
3.1453511714935303,3.14481258392334
