val,test
0.21420636773109436,0.21766862273216248
0.18705391883850098,0.18785034120082855
0.17024581134319305,0.17211361229419708
0.15418653190135956,0.1534513235092163
0.1467307209968567,0.14684318006038666
0.1394864171743393,0.141055166721344
0.13590487837791443,0.13713324069976807
0.13486485183238983,0.13686761260032654
0.13290265202522278,0.13431383669376373
0.13153819739818573,0.13534216582775116
