val,test
3.21104097366333,3.210315465927124
3.2111265659332275,3.2101895809173584
3.2110273838043213,3.2102227210998535
3.2109789848327637,3.2100906372070312
3.2111003398895264,3.210207223892212
3.211158037185669,3.2101502418518066
3.2110631465911865,3.210278034210205
3.21125864982605,3.2101151943206787
3.211120367050171,3.2102293968200684
3.2110726833343506,3.2101447582244873
