val,test
2.972897529602051,2.9730730056762695
2.7612144947052,2.7595036029815674
2.539754867553711,2.5407400131225586
2.3183252811431885,2.318591594696045
2.0981998443603516,2.100349187850952
1.892839789390564,1.8951327800750732
1.7108080387115479,1.716065526008606
1.5642222166061401,1.5681569576263428
1.4472744464874268,1.4526389837265015
1.3618396520614624,1.3672597408294678
