val,test
2.7215731143951416,2.722017526626587
2.569277763366699,2.5697033405303955
2.4243221282958984,2.424109935760498
2.265620231628418,2.265002965927124
2.0816571712493896,2.08046293258667
1.8967679738998413,1.8965544700622559
1.7412183284759521,1.7398492097854614
1.618186593055725,1.6162670850753784
1.5142184495925903,1.515761375427246
1.4313017129898071,1.4274567365646362
