val,test
2.474517822265625,2.4745969772338867
2.0022759437561035,2.0024874210357666
1.7490264177322388,1.7493587732315063
1.5921748876571655,1.5926599502563477
1.4810384511947632,1.4816217422485352
1.3988820314407349,1.3994767665863037
1.3375818729400635,1.3382741212844849
1.2917441129684448,1.2925437688827515
1.257266640663147,1.2578589916229248
1.2305536270141602,1.2313871383666992
