val,test
2.973599433898926,2.9725589752197266
2.9733312129974365,2.972386360168457
2.973430633544922,2.9721693992614746
2.9731695652008057,2.9724106788635254
2.9736907482147217,2.972144365310669
2.9736499786376953,2.9720919132232666
2.9738876819610596,2.9726498126983643
2.9734086990356445,2.972313165664673
2.9736618995666504,2.9722957611083984
2.973626136779785,2.972553253173828
