val,test
3.128209114074707,3.126164436340332
3.127713203430176,3.127239942550659
3.1274361610412598,3.127451181411743
3.1276583671569824,3.1270036697387695
3.128255844116211,3.12630558013916
3.1276066303253174,3.1272597312927246
3.127078056335449,3.1266965866088867
3.1275863647460938,3.127955913543701
3.1261911392211914,3.1257312297821045
3.126896858215332,3.1258909702301025
