val,test
3.0407419204711914,3.0401830673217773
2.9145758152008057,2.9139599800109863
2.7220449447631836,2.7210772037506104
2.4262359142303467,2.4240219593048096
2.072366714477539,2.070387125015259
1.771828055381775,1.7690708637237549
1.5253441333770752,1.5195331573486328
1.3638299703598022,1.3622344732284546
1.2529422044754028,1.2511383295059204
1.1846303939819336,1.1771425008773804
