val,test
3.0070645809173584,3.0043716430664062
3.007000207901001,3.004377841949463
3.006995916366577,3.0044336318969727
3.007040500640869,3.0044357776641846
3.007052421569824,3.0044357776641846
3.007047414779663,3.0044219493865967
3.0071513652801514,3.004483222961426
3.007143259048462,3.004581928253174
3.0070228576660156,3.0042760372161865
3.007063627243042,3.0043561458587646
