val,test
3.1649434566497803,3.166736364364624
3.162335157394409,3.168056011199951
3.163717269897461,3.16815447807312
3.164059638977051,3.168555736541748
3.1644184589385986,3.1685421466827393
3.16288685798645,3.168395519256592
3.1640985012054443,3.1686971187591553
3.164229154586792,3.1670076847076416
3.164977550506592,3.168487787246704
3.163614273071289,3.1685545444488525
