val,test
0.2808018624782562,0.282755583524704
0.15522432327270508,0.15674710273742676
0.12634243071079254,0.12803611159324646
0.11338988691568375,0.11424993723630905
0.10497284680604935,0.10566020011901855
0.09879618883132935,0.09985165297985077
0.09445293247699738,0.09536821395158768
0.09082993119955063,0.09203306585550308
0.0878157690167427,0.08845411986112595
0.08507558703422546,0.08616909384727478
