val,test
2.725501537322998,2.728283405303955
2.397794008255005,2.402503728866577
2.1149373054504395,2.120570421218872
1.8817752599716187,1.8870105743408203
1.6956088542938232,1.7025376558303833
1.5486505031585693,1.5590661764144897
1.4303691387176514,1.4390954971313477
1.3348182439804077,1.3425428867340088
1.2537704706192017,1.257550835609436
1.1795810461044312,1.1874477863311768
