val,test
3.2658326625823975,3.266880989074707
3.2660794258117676,3.2669248580932617
3.26621675491333,3.268378734588623
3.266561269760132,3.265601634979248
3.2659225463867188,3.2652580738067627
3.26633882522583,3.266653299331665
3.2673702239990234,3.266968011856079
3.265700101852417,3.2677500247955322
3.2664427757263184,3.265911340713501
3.2654459476470947,3.267580032348633
