val,test
0.05639978125691414,0.056330617517232895
0.05632403492927551,0.055773526430130005
0.05542602390050888,0.055438537150621414
0.055319350212812424,0.055222149938344955
0.05564725399017334,0.05540947616100311
0.054891761392354965,0.0552171990275383
0.05477813258767128,0.05465186387300491
0.05491543188691139,0.0541650615632534
0.05440106242895126,0.05469131097197533
0.05452786386013031,0.05468117445707321
