val,test
2.408043384552002,2.4104397296905518
1.8386296033859253,1.8415627479553223
1.532394289970398,1.535534143447876
1.3396514654159546,1.3437460660934448
1.2490262985229492,1.250741720199585
1.2117775678634644,1.2128348350524902
1.1942228078842163,1.1956586837768555
1.1815522909164429,1.1849287748336792
1.172595739364624,1.1753286123275757
1.1588517427444458,1.1588642597198486
