val,test
2.6239676475524902,2.6289961338043213
2.289303779602051,2.295384168624878
2.0378172397613525,2.044604539871216
1.8579628467559814,1.8652386665344238
1.730124592781067,1.7374838590621948
1.6359198093414307,1.6432427167892456
1.5629421472549438,1.5701189041137695
1.504154086112976,1.5108247995376587
1.455135464668274,1.4614874124526978
1.4137060642242432,1.419614553451538
