val,test
0.05775005742907524,0.05871813744306564
0.05430471524596214,0.05562255531549454
0.05410708859562874,0.05484457686543465
0.05379953980445862,0.055042918771505356
0.05380572751164436,0.05454770475625992
0.053634919226169586,0.05432165041565895
0.05302399396896362,0.053989704698324203
0.05417913571000099,0.05467614531517029
0.05384346470236778,0.05445602908730507
0.05312850698828697,0.053992822766304016
