val,test
0.21792925894260406,0.22014214098453522
0.17670053243637085,0.17794397473335266
0.16331146657466888,0.16426701843738556
0.15800237655639648,0.15807974338531494
0.15120701491832733,0.1531909555196762
0.1521214097738266,0.15201634168624878
0.14340840280056,0.14448973536491394
0.14050982892513275,0.1455877423286438
0.1445859968662262,0.14531655609607697
0.14342141151428223,0.14309604465961456
