val,test
3.0975170135498047,3.0959038734436035
3.0973353385925293,3.0967190265655518
3.0977470874786377,3.0959415435791016
3.0977447032928467,3.0946223735809326
3.0977017879486084,3.0944485664367676
3.096911907196045,3.0954244136810303
3.097062826156616,3.094858169555664
3.0986955165863037,3.095449447631836
3.0968432426452637,3.0965776443481445
3.097676992416382,3.094062089920044
