val,test
2.753864049911499,2.7533774375915527
2.4843642711639404,2.4859461784362793
2.247023344039917,2.2490322589874268
2.0621933937072754,2.0655264854431152
1.9224128723144531,1.9225960969924927
1.797200322151184,1.8028651475906372
1.691084861755371,1.6931864023208618
1.6048024892807007,1.605269432067871
1.5292606353759766,1.5305739641189575
1.458690881729126,1.46010160446167
