val,test
0.05565258488059044,0.061386123299598694
0.055573176592588425,0.059982746839523315
0.05409914627671242,0.05817871540784836
0.054873425513505936,0.05972304567694664
0.05449255555868149,0.05910233408212662
0.054733868688344955,0.059307485818862915
0.05365985259413719,0.058227941393852234
0.053099874407052994,0.057977065443992615
0.052621372044086456,0.057761792093515396
0.05327406898140907,0.057808246463537216
