val,test
1.2447680234909058,1.248528242111206
0.9877772927284241,0.9916986227035522
0.8549361228942871,0.8608608841896057
0.7570009231567383,0.7613093852996826
0.671650767326355,0.6804997324943542
0.6178796291351318,0.6252999305725098
0.5883644223213196,0.5932038426399231
0.568922758102417,0.5763581395149231
0.5581117272377014,0.5610129237174988
0.5428510904312134,0.5504471659660339
