val,test
3.3918204307556152,3.3906795978546143
3.3916501998901367,3.3907840251922607
3.3916988372802734,3.3908772468566895
3.3917534351348877,3.3906478881835938
3.391725540161133,3.390763282775879
3.3916802406311035,3.3907814025878906
3.391737461090088,3.390787124633789
3.391680955886841,3.3906681537628174
3.3915212154388428,3.3907058238983154
3.3916900157928467,3.3907155990600586
