val,test
2.5358810424804688,2.5421717166900635
2.001201868057251,2.009835958480835
1.630385398864746,1.6412551403045654
1.419414758682251,1.4312278032302856
1.2710915803909302,1.2837719917297363
1.1645559072494507,1.17718505859375
1.079511284828186,1.0899490118026733
0.9976074695587158,1.0091512203216553
0.9173799753189087,0.9261999726295471
0.842966616153717,0.8498932719230652
