val,test
3.2332966327667236,3.235374689102173
3.233914852142334,3.234297275543213
3.2329535484313965,3.2339107990264893
3.233499765396118,3.234630823135376
3.2347257137298584,3.234149217605591
3.2338919639587402,3.2343437671661377
3.2328078746795654,3.234138011932373
3.233344078063965,3.235213041305542
3.2322728633880615,3.235244035720825
3.233520746231079,3.2336673736572266
