val,test
0.05985667556524277,0.05854016914963722
0.05777716636657715,0.05661420151591301
0.058288466185331345,0.057108551263809204
0.05777839198708534,0.056469034403562546
0.056598395109176636,0.055796120315790176
0.05641874670982361,0.05557950213551521
0.05678626149892807,0.055883947759866714
0.056742601096630096,0.05546025559306145
0.056594472378492355,0.05560697242617607
0.056715648621320724,0.055493924766778946
