val,test
2.987976312637329,2.98746395111084
2.9880056381225586,2.9874212741851807
2.987851142883301,2.9879393577575684
2.9880504608154297,2.9876914024353027
2.987600803375244,2.9873244762420654
2.9879753589630127,2.9874696731567383
2.9878063201904297,2.987910747528076
2.9876761436462402,2.9877994060516357
2.9875988960266113,2.9876670837402344
2.9875283241271973,2.987671375274658
