val,test
2.9373981952667236,2.9386990070343018
2.9375686645507812,2.93863582611084
2.9375860691070557,2.938406229019165
2.9373490810394287,2.938361883163452
2.9373278617858887,2.9386425018310547
2.9373679161071777,2.9384124279022217
2.937466859817505,2.9385199546813965
2.9374654293060303,2.938894271850586
2.937512159347534,2.9384925365448
2.9374139308929443,2.938687562942505
