val,test
0.1156613677740097,0.11689165979623795
0.08560511469841003,0.08777040988206863
0.07547485828399658,0.07747729122638702
0.07015726715326309,0.07230409979820251
0.06709787994623184,0.06915856152772903
0.0649930089712143,0.06731556355953217
0.06360785663127899,0.0659596249461174
0.06274954974651337,0.0649842694401741
0.061712607741355896,0.06410295516252518
0.06104984134435654,0.06332018971443176
