val,test
0.11059442907571793,0.11094751954078674
0.08371487259864807,0.08317697048187256
0.0742802694439888,0.07383754104375839
0.06954513490200043,0.06857824325561523
0.06689826399087906,0.06637874990701675
0.06480487436056137,0.06412716209888458
0.06334593147039413,0.0628625750541687
0.06249606981873512,0.06170684099197388
0.06151792034506798,0.06098887696862221
0.06086968258023262,0.06028418615460396
