val,test
0.10727395117282867,0.10474719852209091
0.0851932018995285,0.0829080194234848
0.07628105580806732,0.0741598904132843
0.07212380319833755,0.06990996748209
0.069160096347332,0.06738630682229996
0.06688845902681351,0.0653940811753273
0.06566613167524338,0.06411904841661453
0.06483898311853409,0.06320691108703613
0.06384610384702682,0.06222611665725708
0.06313468515872955,0.061559729278087616
