val,test
3.2098114490509033,3.2112557888031006
3.209592819213867,3.2111332416534424
3.209777593612671,3.2110769748687744
3.2097959518432617,3.2109904289245605
3.2096447944641113,3.211089611053467
3.2098615169525146,3.211141347885132
3.2099037170410156,3.211087465286255
3.209665060043335,3.211118698120117
3.2098402976989746,3.2111570835113525
3.209792375564575,3.2110817432403564
