val,test
3.2274606227874756,3.2288706302642822
3.2269575595855713,3.2284319400787354
3.227938413619995,3.2286369800567627
3.2284440994262695,3.2288899421691895
3.2288730144500732,3.2286670207977295
3.228151321411133,3.229767322540283
3.22704815864563,3.2295379638671875
3.2279982566833496,3.2276506423950195
3.2290544509887695,3.228142261505127
3.228167772293091,3.228053569793701
