val,test
3.5097286701202393,3.5085368156433105
3.5098299980163574,3.508315086364746
3.5098154544830322,3.508535861968994
3.5099620819091797,3.5084919929504395
3.5098679065704346,3.508331775665283
3.509913444519043,3.5083861351013184
3.5097923278808594,3.508512020111084
3.509962320327759,3.5084006786346436
3.509849786758423,3.508657932281494
3.509735584259033,3.5081963539123535
