val,test
3.4345407485961914,3.43532657623291
3.4345479011535645,3.435363531112671
3.434508800506592,3.4353015422821045
3.434621810913086,3.4358584880828857
3.4343910217285156,3.4358277320861816
3.4342691898345947,3.4356162548065186
3.434258460998535,3.4355413913726807
3.434375047683716,3.435807704925537
3.434432029724121,3.4354538917541504
3.4341537952423096,3.4358320236206055
