val,test
0.3001498281955719,0.2994958162307739
0.2428823560476303,0.24547766149044037
0.21432596445083618,0.21968033909797668
0.19909535348415375,0.1947094351053238
0.18666358292102814,0.18480272591114044
0.17856942117214203,0.17665064334869385
0.17527393996715546,0.17451636493206024
0.17342624068260193,0.16976848244667053
0.17162789404392242,0.1737147569656372
0.17321400344371796,0.17029045522212982
