val,test
0.3978724479675293,0.393293172121048
0.3291189968585968,0.32335391640663147
0.22540909051895142,0.22613877058029175
0.20504453778266907,0.20586349070072174
0.18364150822162628,0.18505580723285675
0.17702579498291016,0.17238403856754303
0.1671040654182434,0.16736291348934174
0.16624031960964203,0.16615834832191467
0.169969841837883,0.16803225874900818
0.1705787181854248,0.16843727231025696
