val,test
2.8828237056732178,2.8816184997558594
2.2228550910949707,2.2204771041870117
1.67786705493927,1.6768964529037476
1.3979291915893555,1.395525336265564
1.265682578086853,1.261724829673767
1.2175350189208984,1.2129952907562256
1.1573625802993774,1.1516059637069702
1.0489697456359863,1.0387178659439087
0.911571204662323,0.904765248298645
0.8206120729446411,0.8113738298416138
