val,test
3.0787930488586426,3.0809195041656494
3.0791306495666504,3.0822839736938477
3.079826831817627,3.0808863639831543
3.078545331954956,3.081307888031006
3.08017897605896,3.08083438873291
3.080294370651245,3.081094741821289
3.079890251159668,3.0800702571868896
3.0800700187683105,3.0828866958618164
3.0784101486206055,3.081408739089966
3.079343795776367,3.0802664756774902
