val,test
3.104013442993164,3.1042728424072266
3.104295253753662,3.1035122871398926
3.1058056354522705,3.104057788848877
3.1046135425567627,3.1036856174468994
3.105358123779297,3.1045682430267334
3.10428524017334,3.104104995727539
3.104799747467041,3.1032965183258057
3.105029582977295,3.10404109954834
3.104978561401367,3.104020833969116
3.106327533721924,3.1045989990234375
