val,test
0.29071033000946045,0.2819870412349701
0.23051300644874573,0.22174060344696045
0.21112297475337982,0.20332492887973785
0.19232472777366638,0.18673330545425415
0.18091119825839996,0.17787685990333557
0.17481037974357605,0.1712389886379242
0.1672224998474121,0.1607849895954132
0.16130860149860382,0.1547391563653946
0.15688416361808777,0.1487693041563034
0.1533517688512802,0.15000230073928833
