val,test
2.986090660095215,2.9853479862213135
2.9862449169158936,2.9856841564178467
2.985901355743408,2.9855589866638184
2.9859912395477295,2.9857025146484375
2.9863250255584717,2.985560894012451
2.9861648082733154,2.9859695434570312
2.9863717555999756,2.9856128692626953
2.9859704971313477,2.9856789112091064
2.986114025115967,2.985499620437622
2.985826253890991,2.9854960441589355
