val,test
2.9720346927642822,2.9721357822418213
2.971672534942627,2.9722838401794434
2.971586227416992,2.972416400909424
2.9715754985809326,2.9723896980285645
2.9717159271240234,2.9722378253936768
2.9718680381774902,2.972306251525879
2.9718387126922607,2.972367525100708
2.971759080886841,2.972421646118164
2.971766233444214,2.97236704826355
2.971818685531616,2.9723966121673584
