val,test
3.4197678565979004,3.4194602966308594
3.4197638034820557,3.4197630882263184
3.4196207523345947,3.4194936752319336
3.4198520183563232,3.419620990753174
3.419755220413208,3.4196865558624268
3.420253276824951,3.419395923614502
3.4199230670928955,3.4193949699401855
3.4200196266174316,3.41960072517395
3.4200539588928223,3.4195120334625244
3.419909715652466,3.4195127487182617
