val,test
0.2707969546318054,0.2720309793949127
0.2345491200685501,0.23799967765808105
0.21728286147117615,0.22020645439624786
0.20547689497470856,0.21005339920520782
0.19304808974266052,0.19479988515377045
0.18672862648963928,0.1876528561115265
0.18052412569522858,0.1832149624824524
0.17957529425621033,0.18164055049419403
0.17724718153476715,0.17819446325302124
0.17686282098293304,0.1757049262523651
