val,test
0.05759711191058159,0.056920718401670456
0.05756033584475517,0.05599310249090195
0.0576324500143528,0.05701347067952156
0.05715881660580635,0.05622641742229462
0.05612115561962128,0.055345188826322556
0.056811101734638214,0.05599469691514969
0.05658378079533577,0.05627339333295822
0.055924974381923676,0.05533713474869728
0.056636225432157516,0.05579956993460655
0.05615623667836189,0.05563456937670708
