val,test
0.8522139191627502,0.8419483304023743
0.5282738208770752,0.5168717503547668
0.427878737449646,0.4166565537452698
0.3838261067867279,0.37300804257392883
0.34721675515174866,0.3393528461456299
0.3290819525718689,0.3192959129810333
0.3224949836730957,0.31251928210258484
0.3174971044063568,0.3078581690788269
0.3152896463871002,0.30584612488746643
0.31274789571762085,0.3058483302593231
