val,test
3.2254838943481445,3.2249765396118164
3.2250845432281494,3.22501802444458
3.224905490875244,3.224924325942993
3.225093126296997,3.225051164627075
3.225191354751587,3.2245213985443115
3.2252566814422607,3.2250590324401855
3.225295066833496,3.224961519241333
3.2248244285583496,3.224830150604248
3.225071668624878,3.2249398231506348
3.2250678539276123,3.225231170654297
