val,test
2.706958293914795,2.705803155899048
2.115156412124634,2.115466594696045
1.6684813499450684,1.671647548675537
1.3728936910629272,1.377734661102295
1.1910719871520996,1.1884888410568237
1.069693922996521,1.0754514932632446
0.990460216999054,0.9928843975067139
0.9320237040519714,0.9361606240272522
0.8853031992912292,0.8849414587020874
0.8470938801765442,0.8480361700057983
