val,test
3.313302755355835,3.3134095668792725
3.3135666847229004,3.31355357170105
3.3134710788726807,3.313570976257324
3.3135664463043213,3.3133187294006348
3.313732385635376,3.31351375579834
3.313483715057373,3.3136043548583984
3.3134143352508545,3.313303232192993
3.313737630844116,3.313361883163452
3.3137502670288086,3.3134400844573975
3.31361985206604,3.3134779930114746
