val,test
3.1830122470855713,3.18045711517334
3.183056354522705,3.18042254447937
3.1832525730133057,3.1805267333984375
3.1830310821533203,3.18049693107605
3.183267831802368,3.180402994155884
3.1830368041992188,3.180384635925293
3.1832480430603027,3.1805198192596436
3.183241605758667,3.1804862022399902
3.1831676959991455,3.180403709411621
3.183272123336792,3.1805193424224854
