val,test
0.20255336165428162,0.19015304744243622
0.18280284106731415,0.17404749989509583
0.17140887677669525,0.1630500853061676
0.16563886404037476,0.16101185977458954
0.1633630245923996,0.15727151930332184
0.169212207198143,0.16207636892795563
0.16242539882659912,0.15363837778568268
0.17011241614818573,0.1590479016304016
0.16183903813362122,0.1545819640159607
0.1627238541841507,0.15427201986312866
