val,test
0.11947067826986313,0.12336944043636322
0.08585578203201294,0.09039170295000076
0.07489801943302155,0.07926084101200104
0.0692221149802208,0.07376877963542938
0.06606355309486389,0.07059967517852783
0.06394720822572708,0.06861689686775208
0.06244330480694771,0.06686235219240189
0.06138616427779198,0.06609619408845901
0.060447439551353455,0.06511092931032181
0.06011350452899933,0.06423546373844147
