val,test
0.297416090965271,0.2989571988582611
0.1604977697134018,0.1610857993364334
0.1286919265985489,0.12956392765045166
0.11462897062301636,0.11560319364070892
0.10498998314142227,0.10660619288682938
0.09865806996822357,0.10023841261863708
0.09355485439300537,0.09533698111772537
0.08999967575073242,0.09097306430339813
0.08624815195798874,0.0881727859377861
0.08374031633138657,0.08548270910978317
