val,test
3.048835277557373,3.050748109817505
3.0499188899993896,3.0504136085510254
3.0491416454315186,3.0514109134674072
3.0502538681030273,3.0500152111053467
3.049825668334961,3.0493757724761963
3.0509679317474365,3.050504446029663
3.0493927001953125,3.0506370067596436
3.0501654148101807,3.0487895011901855
3.050518751144409,3.0507969856262207
3.050096273422241,3.049041986465454
