val,test
3.124464273452759,3.1251227855682373
3.124532461166382,3.123183012008667
3.1246235370635986,3.1241612434387207
3.1248278617858887,3.1243948936462402
3.1233255863189697,3.1236207485198975
3.123488664627075,3.1244239807128906
3.1238832473754883,3.1254658699035645
3.12445330619812,3.123201370239258
3.1250576972961426,3.124269485473633
3.1238958835601807,3.1243200302124023
