val,test
0.9924703240394592,1.002198338508606
0.9325538277626038,0.9414918422698975
0.8980192542076111,0.9051624536514282
0.8621206879615784,0.8756895661354065
0.8348605036735535,0.8482008576393127
0.8147903680801392,0.8284093141555786
0.8030243515968323,0.815528154373169
0.7930333018302917,0.8046557307243347
0.7789677977561951,0.7996480464935303
0.7817670106887817,0.7934294939041138
