val,test
0.9960532784461975,1.0004791021347046
0.9867115616798401,0.9909326434135437
0.9772520065307617,0.9834313988685608
0.9727475643157959,0.9738631844520569
0.9636895656585693,0.9671477675437927
0.9578599333763123,0.9575727581977844
0.9509673714637756,0.9531129002571106
0.9447611570358276,0.949829638004303
0.9400262236595154,0.9433530569076538
0.9354701042175293,0.9369832873344421
