val,test
0.9240002036094666,0.9261879324913025
0.841738760471344,0.8472434878349304
0.8141965270042419,0.8234419822692871
0.8016170859336853,0.8140242099761963
0.8028574585914612,0.8103174567222595
0.8036646842956543,0.8024244904518127
0.8016963601112366,0.799903392791748
0.7901431322097778,0.7899960875511169
0.7966139316558838,0.7885076999664307
0.7947243452072144,0.7895234823226929
