val,test
1.07546865940094,1.0644176006317139
1.0835448503494263,1.062099575996399
1.0743743181228638,1.0614380836486816
1.0781545639038086,1.0607595443725586
1.0748885869979858,1.062800407409668
1.0762360095977783,1.0602874755859375
1.0839813947677612,1.0607186555862427
1.08241605758667,1.0575106143951416
1.077358603477478,1.0576341152191162
1.0747511386871338,1.057631492614746
