val,test
1.0524038076400757,1.0696115493774414
0.9019676446914673,0.9060649871826172
0.8620771169662476,0.8516382575035095
0.8232935667037964,0.8272686004638672
0.8067077994346619,0.8098605871200562
0.8110949397087097,0.8168511986732483
0.802943229675293,0.8009249567985535
0.7943809032440186,0.8039289712905884
0.7988587617874146,0.8066928386688232
0.7978140115737915,0.8030598163604736
