val,test
1.0112569332122803,1.0491094589233398
0.9378237724304199,0.977960467338562
0.8977970480918884,0.9350698590278625
0.8644765019416809,0.898343026638031
0.8380225896835327,0.8738753795623779
0.8167520761489868,0.8538981676101685
0.8021153211593628,0.8325852751731873
0.7983935475349426,0.8199792504310608
0.7870453596115112,0.8142420053482056
0.7773950099945068,0.8029866218566895
