val,test
0.7535068988800049,0.7595609426498413
0.7475394010543823,0.7552979588508606
0.7404297590255737,0.7515281438827515
0.7476055026054382,0.7509154677391052
0.7421473264694214,0.7460184097290039
0.7443183660507202,0.7468970417976379
0.7384853363037109,0.7456151843070984
0.7412721514701843,0.7415566444396973
0.7396625280380249,0.7403180003166199
0.7424964904785156,0.7404314279556274
