val,test
1.0820248126983643,1.1052031517028809
1.0806739330291748,1.0983445644378662
1.0841785669326782,1.1100046634674072
1.0876296758651733,1.1018083095550537
1.0806047916412354,1.1038484573364258
1.0885735750198364,1.1028623580932617
1.079479455947876,1.1036800146102905
1.0827431678771973,1.1027547121047974
1.0878278017044067,1.1046580076217651
1.0786209106445312,1.1041357517242432
