val,test
1.023073673248291,1.0197522640228271
0.837139368057251,0.8423235416412354
0.8013449311256409,0.809719443321228
0.7984058856964111,0.7989838719367981
0.7904044389724731,0.7890099287033081
0.7800399661064148,0.7830322980880737
0.7766234278678894,0.7761555314064026
0.775102972984314,0.7858008146286011
0.7725310325622559,0.7796097993850708
0.7754468321800232,0.7728790044784546
