val,test
1.2749353647232056,1.255628228187561
1.2732112407684326,1.257391095161438
1.2669811248779297,1.2548476457595825
1.2761204242706299,1.2562905550003052
1.27157461643219,1.2528294324874878
1.2725584506988525,1.2538340091705322
1.278383493423462,1.261414885520935
1.276242733001709,1.2514514923095703
1.2663581371307373,1.2577550411224365
1.2687959671020508,1.2528831958770752
