val,test
1.248761534690857,1.2513034343719482
1.2500338554382324,1.252121925354004
1.2498779296875,1.2523856163024902
1.2499384880065918,1.250391960144043
1.2501999139785767,1.2520782947540283
1.2475310564041138,1.2516616582870483
1.2486627101898193,1.251045823097229
1.2493596076965332,1.2502340078353882
1.248845100402832,1.251196026802063
1.2485320568084717,1.2527660131454468
