val,test
1.1280617713928223,1.1758477687835693
1.1262823343276978,1.1753661632537842
1.1262550354003906,1.1720248460769653
1.123504638671875,1.1752105951309204
1.126145839691162,1.1716034412384033
1.125302791595459,1.1754170656204224
1.1237778663635254,1.1714513301849365
1.1247106790542603,1.1761729717254639
1.1207693815231323,1.1755846738815308
1.1250405311584473,1.1754820346832275
