val,test
1.054775357246399,1.0464779138565063
1.034940242767334,1.0253045558929443
1.0178828239440918,1.0083283185958862
1.0015254020690918,0.9942208528518677
0.989689290523529,0.9812172055244446
0.9826705455780029,0.9719864130020142
0.9727036952972412,0.9624883532524109
0.964739203453064,0.9583226442337036
0.955478310585022,0.9491718411445618
0.9475722312927246,0.9456959366798401
