val,test
0.9976274967193604,1.0082519054412842
0.9371321201324463,0.9409997463226318
0.8892271518707275,0.8968987464904785
0.8522430658340454,0.8661433458328247
0.8324152231216431,0.8345681428909302
0.8058184385299683,0.8198909163475037
0.7922815680503845,0.8036150336265564
0.7813574075698853,0.7913881540298462
0.7706102728843689,0.7836634516716003
0.7671454548835754,0.7721702456474304
