val,test
1.1793677806854248,1.1772252321243286
1.1553394794464111,1.1509130001068115
1.1401840448379517,1.1366147994995117
1.1307412385940552,1.1279062032699585
1.124932050704956,1.1208499670028687
1.1210623979568481,1.1163139343261719
1.1164451837539673,1.1110974550247192
1.1118543148040771,1.1079633235931396
1.107585072517395,1.1048320531845093
1.1075248718261719,1.1017943620681763
