val,test
1.140915036201477,1.1605570316314697
1.1412622928619385,1.1577270030975342
1.1446055173873901,1.160578727722168
1.1375545263290405,1.159480094909668
1.1390444040298462,1.1527142524719238
1.1386654376983643,1.1608481407165527
1.140798807144165,1.1639474630355835
1.1422839164733887,1.164687991142273
1.1409857273101807,1.1598056554794312
1.1404743194580078,1.165420413017273
