val,test
0.7572469711303711,0.7852843403816223
0.7518485188484192,0.7689104676246643
0.7589094638824463,0.7667068243026733
0.7543104887008667,0.7654706239700317
0.7565470933914185,0.7644718885421753
0.7536514401435852,0.7668555974960327
0.7539951801300049,0.7637163400650024
0.7508219480514526,0.7641295194625854
0.7493310570716858,0.7666236162185669
0.7522897124290466,0.759157121181488
