val,test
0.7123353481292725,0.7378081679344177
0.7045725584030151,0.7321381568908691
0.7005492448806763,0.7288549542427063
0.701346218585968,0.7315974831581116
0.700816810131073,0.7344475388526917
0.6945585012435913,0.7261589169502258
0.6984543204307556,0.7295409440994263
0.6983426213264465,0.7297381162643433
0.7033389210700989,0.730911910533905
0.7057932615280151,0.7350926995277405
