val,test
1.1645371913909912,1.167117714881897
1.158528208732605,1.1629949808120728
1.1563392877578735,1.1617724895477295
1.1625436544418335,1.1590609550476074
1.1625516414642334,1.1608219146728516
1.1545466184616089,1.1654967069625854
1.1591637134552002,1.1692335605621338
1.1593270301818848,1.1673641204833984
1.1626460552215576,1.1686501502990723
1.1667324304580688,1.1635886430740356
