val,test
0.8909154534339905,0.8936765193939209
0.8170327544212341,0.8287070393562317
0.8088257312774658,0.8147724270820618
0.7935701608657837,0.8040845394134521
0.787445604801178,0.7883541584014893
0.7892139554023743,0.785417914390564
0.7825498580932617,0.7877815961837769
0.7799674272537231,0.7842538356781006
0.7724247574806213,0.7791608572006226
0.7787901163101196,0.7781418561935425
