val,test
1.1324961185455322,1.1319578886032104
1.132311224937439,1.1318203210830688
1.131811499595642,1.1320680379867554
1.132121205329895,1.1320786476135254
1.1317440271377563,1.1321173906326294
1.1318353414535522,1.1324059963226318
1.1321865320205688,1.1320313215255737
1.131899118423462,1.1319382190704346
1.1326584815979004,1.1318453550338745
1.1319835186004639,1.1316988468170166
