val,test
1.094040870666504,1.0736312866210938
1.0942471027374268,1.07781982421875
1.0932883024215698,1.0723657608032227
1.0944710969924927,1.082384467124939
1.0973310470581055,1.0778839588165283
1.090912103652954,1.0774646997451782
1.0944819450378418,1.0704599618911743
1.0961768627166748,1.079622507095337
1.0958014726638794,1.072869062423706
1.089115023612976,1.0719767808914185
