val,test
0.7659569978713989,0.7558904886245728
0.7588399052619934,0.7494583129882812
0.7559154629707336,0.7466481924057007
0.7541571855545044,0.7455890774726868
0.7522475719451904,0.7410401105880737
0.7467089295387268,0.745022714138031
0.7490034699440002,0.7420905828475952
0.753059446811676,0.7428504228591919
0.7479709386825562,0.7410680651664734
0.7457994222640991,0.7367216348648071
