val,test
0.7597869038581848,0.7351877689361572
0.7401312589645386,0.7233396172523499
0.7384040951728821,0.7205531001091003
0.7341240048408508,0.7234551906585693
0.7388501763343811,0.7204746603965759
0.7433215379714966,0.7262430191040039
0.7365072965621948,0.7232558727264404
0.7348814010620117,0.7241870760917664
0.7354248762130737,0.7253738045692444
0.7367624044418335,0.7297303676605225
