val,test
0.9980912208557129,1.0008543729782104
0.9962486624717712,1.0003937482833862
0.9942581653594971,0.9990950226783752
0.9945926070213318,0.9971197843551636
0.9925099611282349,0.9962565898895264
0.9923592209815979,0.9949015974998474
0.9892280101776123,0.9941224455833435
0.9881501197814941,0.9934096336364746
0.9875662326812744,0.9911458492279053
0.9858933091163635,0.9920632839202881
