val,test
0.7657375335693359,0.7882992029190063
0.7556238174438477,0.7739364504814148
0.7506646513938904,0.7729665040969849
0.7485505938529968,0.7680007815361023
0.7470309734344482,0.7637776136398315
0.7473203539848328,0.7617390751838684
0.746333122253418,0.7645094394683838
0.7492753863334656,0.7586286664009094
0.7402962446212769,0.7605948448181152
0.7401478886604309,0.761779248714447
