val,test
1.003047227859497,1.0069307088851929
1.0027923583984375,1.0061771869659424
1.002350926399231,1.0064867734909058
1.00300931930542,1.0073477029800415
1.0037976503372192,1.0056980848312378
1.002714991569519,1.006200909614563
1.0023959875106812,1.0058469772338867
1.002296805381775,1.0058608055114746
1.0027892589569092,1.0065250396728516
1.0023916959762573,1.006612777709961
