val,test
1.0943974256515503,1.0694613456726074
1.0618696212768555,1.0375468730926514
1.042110800743103,1.0160319805145264
1.0283974409103394,1.0036630630493164
1.020114779472351,0.9960361123085022
1.0145952701568604,0.9899896383285522
1.0113718509674072,0.9866241216659546
1.0084456205368042,0.9838417768478394
1.00687575340271,0.9829159379005432
1.0061124563217163,0.9815057516098022
