val,test
0.746488630771637,0.7376755475997925
0.7470342516899109,0.7354486584663391
0.7449376583099365,0.734138548374176
0.7409341931343079,0.7337755560874939
0.7434031963348389,0.7309882044792175
0.738937497138977,0.7281202077865601
0.738283097743988,0.7258613705635071
0.7375870943069458,0.7284477353096008
0.7402794361114502,0.7278624176979065
0.7353306412696838,0.7252357006072998
