val,test
0.7736037373542786,0.7437564134597778
0.7661722302436829,0.7382048964500427
0.7662460803985596,0.7383676767349243
0.7604499459266663,0.73587566614151
0.7636808156967163,0.7330573797225952
0.7625789046287537,0.7336145639419556
0.7598229646682739,0.7313936352729797
0.7613615989685059,0.7328059077262878
0.7614325881004333,0.7343677878379822
0.7608558535575867,0.7317978143692017
