val,test
1.2009146213531494,1.1786384582519531
1.1957441568374634,1.1774224042892456
1.1971958875656128,1.1800665855407715
1.1981558799743652,1.1790704727172852
1.20344877243042,1.1762646436691284
1.198288917541504,1.1779721975326538
1.201536774635315,1.1809648275375366
1.2019747495651245,1.1755852699279785
1.199433445930481,1.1787357330322266
1.2008999586105347,1.1775810718536377
