val,test
0.7267802953720093,0.7602937817573547
0.7204333543777466,0.7545393705368042
0.7283534407615662,0.7506535053253174
0.7236429452896118,0.7524811029434204
0.7248117327690125,0.7521926760673523
0.7229339480400085,0.7492812871932983
0.722561776638031,0.7484658360481262
0.7197251915931702,0.7454323172569275
0.7170610427856445,0.7423670291900635
0.7161558270454407,0.7424403429031372
