val,test
1.139711856842041,1.1346043348312378
1.0748648643493652,1.0689576864242554
1.0360115766525269,1.0296807289123535
1.0142537355422974,1.0114907026290894
1.0041391849517822,0.9993276596069336
0.9957969188690186,0.9912808537483215
0.9907603859901428,0.9869101047515869
0.9885052442550659,0.9832451343536377
0.9840061664581299,0.9825427532196045
0.9834771752357483,0.9804342985153198
