val,test
1.0820865631103516,1.0549088716506958
1.0798333883285522,1.0536779165267944
1.081484079360962,1.0544276237487793
1.0814279317855835,1.0544437170028687
1.0810128450393677,1.0542330741882324
1.080560564994812,1.055060625076294
1.0803656578063965,1.0551477670669556
1.080352783203125,1.0547188520431519
1.079845905303955,1.0541764497756958
1.081586241722107,1.053605556488037
