val,test
0.7460142970085144,0.7673898339271545
0.7302915453910828,0.7507680058479309
0.7273825407028198,0.7466975450515747
0.7295900583267212,0.7448571920394897
0.7292299270629883,0.7474504709243774
0.7269337773323059,0.7451968193054199
0.7230194807052612,0.7463281750679016
0.7294054627418518,0.7549389600753784
0.7287030220031738,0.7539898753166199
0.7301011681556702,0.7507769465446472
