val,test
1.05880606174469,1.031936526298523
1.0439491271972656,1.0179184675216675
1.0372134447097778,1.010243535041809
1.0317186117172241,1.0043386220932007
1.026626467704773,1.0007697343826294
1.0257624387741089,0.9978275299072266
1.02445387840271,0.9955449104309082
1.0222814083099365,0.9938439130783081
1.0228285789489746,0.9938268065452576
1.0192943811416626,0.9928857684135437
