val,test
1.0903834104537964,1.0808348655700684
1.0901886224746704,1.081179141998291
1.0902906656265259,1.0812488794326782
1.0909740924835205,1.0808444023132324
1.0905463695526123,1.0811083316802979
1.0906652212142944,1.0807398557662964
1.0899467468261719,1.0813229084014893
1.0906076431274414,1.0809687376022339
1.0906063318252563,1.0810743570327759
1.0907928943634033,1.080728530883789
