val,test
1.104702353477478,1.1322697401046753
1.1058179140090942,1.1363524198532104
1.1020780801773071,1.1377485990524292
1.1081939935684204,1.1322627067565918
1.1012017726898193,1.1418243646621704
1.1043192148208618,1.1357065439224243
1.0935078859329224,1.137010097503662
1.1012922525405884,1.1371569633483887
1.0990267992019653,1.1367727518081665
1.1047749519348145,1.1309411525726318
