val,test
0.853829562664032,0.8452322483062744
0.8074184656143188,0.8013783693313599
0.7967165112495422,0.7943962216377258
0.793918251991272,0.7830744385719299
0.7917033433914185,0.7815195322036743
0.779991626739502,0.7838627696037292
0.7847510576248169,0.7769270539283752
0.7787030935287476,0.7825245261192322
0.7793494462966919,0.7804111838340759
0.7894734144210815,0.7713884115219116
