val,test
0.9703692197799683,0.9866865277290344
0.9096397161483765,0.9234857559204102
0.8683089017868042,0.8806079626083374
0.8350830674171448,0.857081949710846
0.8102829456329346,0.8289287686347961
0.7939028739929199,0.8073669075965881
0.7791428565979004,0.7960245013237
0.7707662582397461,0.7872535586357117
0.7628382444381714,0.7725139260292053
0.7593491673469543,0.7739831209182739
