val,test
1.0093655586242676,0.9836277961730957
1.0091804265975952,0.9835278391838074
1.0070754289627075,0.9836522340774536
1.0092685222625732,0.9813333749771118
1.0084832906723022,0.9840884804725647
1.008965253829956,0.9814515113830566
1.00985848903656,0.9822882413864136
1.0095657110214233,0.9836015701293945
1.008479118347168,0.9849486351013184
1.0062217712402344,0.983059823513031
