val,test
1.4432193040847778,1.4687877893447876
1.4484864473342896,1.467445969581604
1.4454785585403442,1.4678864479064941
1.4455071687698364,1.4689151048660278
1.4422976970672607,1.4660671949386597
1.4438626766204834,1.469928503036499
1.4402201175689697,1.4677472114562988
1.4409379959106445,1.4687604904174805
1.4445089101791382,1.4698293209075928
1.4429622888565063,1.4685269594192505
