val,test
0.750514030456543,0.7647649049758911
0.7402812838554382,0.742896556854248
0.734433114528656,0.7492694854736328
0.7329697012901306,0.7465143203735352
0.7282900810241699,0.7438313961029053
0.7321708798408508,0.7443181276321411
0.7418367862701416,0.7488019466400146
0.743685781955719,0.7461705207824707
0.7366628050804138,0.7474663853645325
0.7452829480171204,0.7468498349189758
