val,test
1.084617257118225,1.0555429458618164
1.0840699672698975,1.0553029775619507
1.0843937397003174,1.0558240413665771
1.0838725566864014,1.055715560913086
1.0844837427139282,1.0556790828704834
1.0842117071151733,1.055492877960205
1.0842992067337036,1.0557172298431396
1.0843223333358765,1.05558443069458
1.0843192338943481,1.055942416191101
1.0842463970184326,1.055793046951294
