val,test
0.7351478338241577,0.7247843742370605
0.7264845371246338,0.7175090312957764
0.7284941673278809,0.720000147819519
0.7197431921958923,0.7148012518882751
0.7191628217697144,0.7121655941009521
0.7226239442825317,0.712835431098938
0.7193465232849121,0.7087787985801697
0.7340999841690063,0.7192772626876831
0.7249641418457031,0.7096426486968994
0.7281482219696045,0.7148405313491821
