val,test
0.7302912473678589,0.7433829307556152
0.7163688540458679,0.7297971248626709
0.7109519243240356,0.7264165282249451
0.7089017033576965,0.7238662242889404
0.7105358839035034,0.7248499989509583
0.7125339508056641,0.7264347672462463
0.7097563743591309,0.7206587195396423
0.7089338302612305,0.727106511592865
0.7147526741027832,0.7326909899711609
0.7159253358840942,0.7296372652053833
