val,test
0.9666901230812073,1.026425838470459
0.9620109796524048,1.018851637840271
0.9574462175369263,1.0161222219467163
0.9528403282165527,1.0075762271881104
0.9500993490219116,1.0059915781021118
0.9424043297767639,1.0019590854644775
0.9437322616577148,0.9967257976531982
0.9399661421775818,0.9962849617004395
0.9360837340354919,0.9947031140327454
0.9330483675003052,0.9868992567062378
