val,test
0.9768147468566895,1.033254623413086
0.9786780476570129,1.0356656312942505
0.9793980121612549,1.0343046188354492
0.9777774810791016,1.0357890129089355
0.9777166843414307,1.0355292558670044
0.9797845482826233,1.034960150718689
0.9779648780822754,1.0342373847961426
0.9767740368843079,1.035645604133606
0.9776002168655396,1.0344581604003906
0.9751473665237427,1.0356945991516113
