val,test
1.0474977493286133,1.0671305656433105
1.04537034034729,1.0687830448150635
1.0458641052246094,1.0680739879608154
1.0439375638961792,1.0679571628570557
1.0475292205810547,1.0670422315597534
1.0427231788635254,1.0672190189361572
1.0440425872802734,1.0687254667282104
1.0456597805023193,1.070595622062683
1.046310305595398,1.0696593523025513
1.0462464094161987,1.0705468654632568
