val,test
1.1204643249511719,1.1188119649887085
1.1181188821792603,1.1210993528366089
1.110723614692688,1.1236345767974854
1.1155624389648438,1.1229816675186157
1.1211210489273071,1.1182786226272583
1.1199874877929688,1.129745364189148
1.1121797561645508,1.125022053718567
1.1203967332839966,1.117221713066101
1.1152033805847168,1.1226255893707275
1.1180356740951538,1.120589017868042
