val,test
0.9955548644065857,0.9719511866569519
0.9452317357063293,0.9231959581375122
0.9086624383926392,0.8761544823646545
0.8769051432609558,0.8656414151191711
0.8651512265205383,0.852907121181488
0.8780852556228638,0.8446124196052551
0.8724274635314941,0.8365516662597656
0.8595281839370728,0.8395676612854004
0.8600066900253296,0.8405879735946655
0.8760621547698975,0.8202434182167053
