val,test
1.112201452255249,1.1237229108810425
1.1146454811096191,1.1206849813461304
1.112804889678955,1.128096103668213
1.1109341382980347,1.1249849796295166
1.116384744644165,1.1207678318023682
1.1094698905944824,1.1320592164993286
1.1133583784103394,1.1279032230377197
1.116671085357666,1.1211351156234741
1.1162620782852173,1.124639868736267
1.1132278442382812,1.118839979171753
