val,test
1.024272084236145,1.0438966751098633
1.0072672367095947,1.0287507772445679
0.9996008276939392,1.0223459005355835
0.9967671036720276,1.0184838771820068
0.9900636076927185,1.0142408609390259
0.9908038377761841,1.0110807418823242
0.9900997281074524,1.0106714963912964
0.9834076762199402,1.0069531202316284
0.9848300218582153,1.0073069334030151
0.9835110902786255,1.0029524564743042
