val,test
1.3423575162887573,1.3582994937896729
1.3420804738998413,1.3602309226989746
1.3416612148284912,1.3588334321975708
1.3444697856903076,1.3608113527297974
1.3407076597213745,1.360032081604004
1.3406773805618286,1.3640079498291016
1.3454363346099854,1.363142490386963
1.3449183702468872,1.3577741384506226
1.3399335145950317,1.3597486019134521
1.3400232791900635,1.3603639602661133
