val,test
0.10323680192232132,0.10868719220161438
0.04289775714278221,0.04997902736067772
0.036117229610681534,0.038501933217048645
0.03539194166660309,0.03974708914756775
0.029975593090057373,0.035968028008937836
0.033505745232105255,0.034217771142721176
0.030218446627259254,0.03207875043153763
0.029175667092204094,0.030660048127174377
0.0294282715767622,0.03174588084220886
0.026740506291389465,0.0300881490111351
