val,test
0.12312265485525131,0.11656883358955383
0.0785803347826004,0.07099972665309906
0.09192216396331787,0.06250838190317154
0.07641375809907913,0.06417692452669144
0.0935334861278534,0.07423780858516693
0.08744117617607117,0.06259503215551376
0.07765136659145355,0.060685981065034866
0.088731549680233,0.06409148871898651
0.08079484105110168,0.05967080593109131
0.08599964529275894,0.06647774577140808
