val,test
0.8295592665672302,0.8185875415802002
0.7726902365684509,0.7614280581474304
0.7167032957077026,0.7092305421829224
0.6678000092506409,0.6570491194725037
0.6244831681251526,0.6164225339889526
0.5814438462257385,0.5732426047325134
0.5415432453155518,0.5323269367218018
0.5121139883995056,0.505370557308197
0.47487661242485046,0.4715900719165802
0.4470907747745514,0.44073909521102905
