val,test
0.12923939526081085,0.12865273654460907
0.03869013860821724,0.039268169552087784
0.039832666516304016,0.03901325911283493
0.033399831503629684,0.03210518881678581
0.02908545732498169,0.028777869418263435
0.02823771722614765,0.02718552015721798
0.031189747154712677,0.027938425540924072
0.03248502314090729,0.030979666858911514
0.028869645670056343,0.028746340423822403
0.02689361572265625,0.028256798163056374
