val,test
0.4943433403968811,0.48132434487342834
0.4866815507411957,0.4816047251224518
0.5011290907859802,0.4849468171596527
0.4867168366909027,0.48775535821914673
0.4941631257534027,0.475375771522522
0.4888579845428467,0.4952390491962433
0.4922892153263092,0.48200348019599915
0.49739736318588257,0.4821407198905945
0.5055502653121948,0.4732661843299866
0.49308300018310547,0.4709194004535675
