val,test
1.049017310142517,1.0464838743209839
0.9654477834701538,0.9651865363121033
0.8799095749855042,0.8807643055915833
0.7727506756782532,0.7725239396095276
0.6611572504043579,0.6577398180961609
0.548175573348999,0.5461196303367615
0.43850502371788025,0.4387565851211548
0.36755087971687317,0.3587990701198578
0.3221016526222229,0.31030234694480896
0.2828056216239929,0.2899319529533386
