val,test
0.2675444483757019,0.26726600527763367
0.27047833800315857,0.2678019106388092
0.2703358232975006,0.26838791370391846
0.2703126072883606,0.26692935824394226
0.2702244222164154,0.2675893008708954
0.26966699957847595,0.26862919330596924
0.26846763491630554,0.2679218053817749
0.27050134539604187,0.2689838707447052
0.26987317204475403,0.2682330906391144
0.2690555453300476,0.2683385908603668
