val,test
0.2099192589521408,0.21757636964321136
0.12410302460193634,0.13651937246322632
0.100945383310318,0.11217514425516129
0.09438565373420715,0.08822288364171982
0.10053963214159012,0.09704779833555222
0.09411332756280899,0.08747319877147675
0.08992454409599304,0.0897405743598938
0.09593850374221802,0.09274674952030182
0.09044308960437775,0.08731314539909363
0.09072089940309525,0.08326457440853119
