val,test
0.6466759443283081,0.649127185344696
0.646536648273468,0.6502147316932678
0.6464340686798096,0.6490791440010071
0.6465882658958435,0.649807870388031
0.6474668979644775,0.6502919793128967
0.6469992995262146,0.6488683223724365
0.6453970670700073,0.6498985886573792
0.6474291086196899,0.6504726409912109
0.6463005542755127,0.6495351791381836
0.647070050239563,0.6504336595535278
