val,test
0.09714262187480927,0.09903491288423538
0.06672370433807373,0.07148605585098267
0.06513414531946182,0.06129827722907066
0.06527279317378998,0.0732714980840683
0.05747070163488388,0.065467968583107
0.0654531866312027,0.0665086880326271
0.06499747186899185,0.06181251257658005
0.06123443320393562,0.060397740453481674
0.06282634288072586,0.06167002022266388
0.06154191866517067,0.06555330008268356
