val,test
0.38883137702941895,0.38214442133903503
0.389180064201355,0.3820453882217407
0.38905632495880127,0.382222443819046
0.38898298144340515,0.38221555948257446
0.38916119933128357,0.38199755549430847
0.38895902037620544,0.38194096088409424
0.3891593813896179,0.38232046365737915
0.38913649320602417,0.38190221786499023
0.3891814649105072,0.3822222948074341
0.38908806443214417,0.3821070194244385
