val,test
0.08290401101112366,0.09024594724178314
0.07270822674036026,0.06335911154747009
0.07728153467178345,0.06302687525749207
0.07075636833906174,0.054501354694366455
0.080825075507164,0.05790655314922333
0.07348021119832993,0.05911741405725479
0.07203342765569687,0.05746891349554062
0.06398788094520569,0.0539311058819294
0.07577385008335114,0.057538241147994995
0.06721179187297821,0.06219957396388054
