val,test
0.7551863789558411,0.815597414970398
0.7645589113235474,0.8204321265220642
0.7571184635162354,0.8202952146530151
0.7610413432121277,0.8331685662269592
0.7728396058082581,0.8127481341362
0.763554573059082,0.8399013876914978
0.759209156036377,0.8215905427932739
0.7601566314697266,0.8244032263755798
0.767173171043396,0.8218962550163269
0.7716611623764038,0.8201925158500671
