val,test
0.14854972064495087,0.12459617853164673
0.06265327334403992,0.054629500955343246
0.057069264352321625,0.04743339866399765
0.05149556323885918,0.04201016575098038
0.04850563034415245,0.03886548802256584
0.049284759908914566,0.037120308727025986
0.04168941453099251,0.03358698636293411
0.042946312576532364,0.03458716347813606
0.0419829823076725,0.034623779356479645
0.04186638072133064,0.032727330923080444
