val,test
0.24795001745224,0.24871231615543365
0.24092574417591095,0.2415037453174591
0.23365084826946259,0.23247094452381134
0.21948961913585663,0.21625347435474396
0.20400096476078033,0.20242872834205627
0.19246023893356323,0.18519817292690277
0.1759975552558899,0.1695234626531601
0.16148266196250916,0.15631137788295746
0.14691895246505737,0.1439625322818756
0.14197589457035065,0.13158740103244781
