val,test
0.4975000321865082,0.5097463130950928
0.5051834583282471,0.510699987411499
0.5117304921150208,0.5140563249588013
0.5183786153793335,0.5037555694580078
0.5043177008628845,0.5065088272094727
0.5112012624740601,0.5026877522468567
0.5046682357788086,0.501777708530426
0.5059184432029724,0.5008034110069275
0.5110843181610107,0.5051175355911255
0.5214533805847168,0.5100984573364258
