val,test
0.49881455302238464,0.5016014575958252
0.49047911167144775,0.5044987797737122
0.4933321475982666,0.5072005987167358
0.4969055950641632,0.5018888115882874
0.4943521022796631,0.5064817667007446
0.49826934933662415,0.5033778548240662
0.4946826100349426,0.5032885670661926
0.4932876229286194,0.5033458471298218
0.4929903745651245,0.5024177432060242
0.4947843849658966,0.503318727016449
