val,test
0.3186880350112915,0.3598753809928894
0.3305853009223938,0.37243372201919556
0.31833013892173767,0.3501846194267273
0.3335507810115814,0.3605384826660156
0.3216060698032379,0.3645796477794647
0.3338192105293274,0.35538288950920105
0.32932648062705994,0.3520762324333191
0.33914899826049805,0.3651573657989502
0.33203884959220886,0.3651517331600189
0.33441850543022156,0.34771794080734253
