val,test
0.9021128416061401,0.8846047520637512
0.9018895030021667,0.884739339351654
0.898775577545166,0.8897227048873901
0.8978428840637207,0.8882831335067749
0.8978490233421326,0.8896713852882385
0.9008769989013672,0.8905810713768005
0.902995765209198,0.885407030582428
0.9016488194465637,0.8848828673362732
0.9029451012611389,0.888583242893219
0.9034518003463745,0.885367751121521
