val,test
0.6544188857078552,0.6258935928344727
0.6193158626556396,0.5920675992965698
0.5839391350746155,0.5578990578651428
0.5469846129417419,0.5236656665802002
0.5084269046783447,0.48262226581573486
0.4576566219329834,0.4347049593925476
0.3915720283985138,0.36692124605178833
0.3282334506511688,0.3094656765460968
0.2993822991847992,0.2818463444709778
0.2863736152648926,0.2566390335559845
