val,test
0.6889637112617493,0.6591880321502686
0.6889825463294983,0.6593207716941833
0.6888952851295471,0.6594135165214539
0.6889533996582031,0.659389853477478
0.6889937520027161,0.6593306660652161
0.6889740228652954,0.6592810153961182
0.6888967156410217,0.6592077016830444
0.6890004873275757,0.6591891050338745
0.6890531778335571,0.6592589616775513
0.6889051795005798,0.6593157052993774
