val,test
0.16166538000106812,0.1784665882587433
0.10402539372444153,0.11842797696590424
0.07673667371273041,0.09658664464950562
0.07779345661401749,0.08875089883804321
0.07767373323440552,0.08169155567884445
0.07057661563158035,0.07695163786411285
0.08170635253190994,0.08526526391506195
0.07757455855607986,0.07931800931692123
0.08155481517314911,0.08560403436422348
0.09406734257936478,0.08424591273069382
