val,test
0.8908522129058838,0.8757193684577942
0.8907365798950195,0.875767171382904
0.890765905380249,0.8758103251457214
0.8905065059661865,0.8758062124252319
0.8905451893806458,0.8758209943771362
0.8906568288803101,0.8758736848831177
0.8905868530273438,0.8756940364837646
0.8906189799308777,0.8757990002632141
0.890734076499939,0.8756385445594788
0.8905774354934692,0.875787079334259
