val,test
0.35293978452682495,0.36610913276672363
0.35190171003341675,0.3522763252258301
0.3505898714065552,0.3491353392601013
0.3428826630115509,0.3404451012611389
0.33669206500053406,0.3377282917499542
0.32533371448516846,0.3335739076137543
0.3265087306499481,0.33276039361953735
0.3200228214263916,0.33039048314094543
0.3192095458507538,0.3184852600097656
0.31779298186302185,0.31880852580070496
