val,test
0.44486701488494873,0.46063998341560364
0.44607439637184143,0.4544236958026886
0.4465312361717224,0.4490417242050171
0.462581604719162,0.45252010226249695
0.4665047526359558,0.44831395149230957
0.45482346415519714,0.44427892565727234
0.44186660647392273,0.4505584239959717
0.44844669103622437,0.4461545944213867
0.44669485092163086,0.4564845561981201
0.4704743027687073,0.45083552598953247
