val,test
0.2500057816505432,0.25166189670562744
0.22748291492462158,0.22700856626033783
0.2091750055551529,0.20673318207263947
0.19114352762699127,0.18958160281181335
0.1721603274345398,0.17203426361083984
0.15419025719165802,0.1551140397787094
0.1445607841014862,0.14698421955108643
0.1334003061056137,0.12445779889822006
0.12123489379882812,0.11880883574485779
0.12303852289915085,0.11442942172288895
