val,test
0.27488115429878235,0.2729313373565674
0.278455525636673,0.2724473178386688
0.2751997113227844,0.27431076765060425
0.2769542336463928,0.2725943326950073
0.27843835949897766,0.2738242745399475
0.2766830325126648,0.27192726731300354
0.2759515643119812,0.2705410420894623
0.27470657229423523,0.27522727847099304
0.2739843726158142,0.27348414063453674
0.27700987458229065,0.27350813150405884
