val,test
0.3592614233493805,0.34888797998428345
0.27953657507896423,0.2788792848587036
0.23689371347427368,0.2520158886909485
0.2148193120956421,0.23563338816165924
0.20598894357681274,0.21623952686786652
0.18036408722400665,0.20814934372901917
0.18469108641147614,0.18448325991630554
0.1749827265739441,0.17817026376724243
0.159540593624115,0.16605979204177856
0.15027357637882233,0.15499520301818848
