val,test
0.6014687418937683,0.6041108965873718
0.5584756731987,0.5600205063819885
0.4999691843986511,0.5016953349113464
0.4330958425998688,0.426451712846756
0.35382914543151855,0.3589998185634613
0.29512932896614075,0.29502782225608826
0.25845232605934143,0.25476476550102234
0.23214636743068695,0.23323273658752441
0.22195756435394287,0.21505697071552277
0.21468842029571533,0.21637077629566193
