val,test
0.4693436026573181,0.4740469753742218
0.44269323348999023,0.4495423138141632
0.4211733937263489,0.42672330141067505
0.40394359827041626,0.40869414806365967
0.38698747754096985,0.3922129273414612
0.3714170753955841,0.3771190941333771
0.35969653725624084,0.36340272426605225
0.34848684072494507,0.3520049452781677
0.3356781005859375,0.3412286043167114
0.32848161458969116,0.3307441771030426
