val,test
0.321818470954895,0.34861433506011963
0.31129375100135803,0.3375166654586792
0.30276724696159363,0.32826268672943115
0.29578423500061035,0.321774959564209
0.29049697518348694,0.31583017110824585
0.289150208234787,0.3126361072063446
0.27982884645462036,0.30684155225753784
0.2791799306869507,0.30510497093200684
0.2776108384132385,0.29959824681282043
0.276101678609848,0.2964008152484894
