val,test
0.2770113945007324,0.31559470295906067
0.278211772441864,0.3184731900691986
0.29219070076942444,0.3161299228668213
0.27772489190101624,0.3111021816730499
0.2868252396583557,0.3139120638370514
0.29059964418411255,0.31117016077041626
0.2765606939792633,0.3223726153373718
0.2819836139678955,0.31000450253486633
0.28147026896476746,0.31432995200157166
0.2817622125148773,0.31154531240463257
