val,test
0.550406813621521,0.5334997177124023
0.5417554378509521,0.5353584289550781
0.5373808145523071,0.5260173678398132
0.5392915606498718,0.5305240750312805
0.5424643754959106,0.5365896821022034
0.5376861095428467,0.5294596552848816
0.5446764230728149,0.5320699214935303
0.5370001792907715,0.5237696766853333
0.5397245287895203,0.5474177002906799
0.5418980121612549,0.5244132876396179
