val,test
0.26243942975997925,0.25525131821632385
0.26423269510269165,0.25627169013023376
0.2666608393192291,0.24960564076900482
0.26269450783729553,0.25766485929489136
0.2516821026802063,0.2542553246021271
0.2607855498790741,0.24406439065933228
0.24767670035362244,0.24899281561374664
0.2498956024646759,0.24960707128047943
0.2568630278110504,0.2541745901107788
0.25769710540771484,0.24747450649738312
