val,test
0.28673067688941956,0.2867753505706787
0.2866836190223694,0.2868240773677826
0.28643763065338135,0.2868214547634125
0.28678926825523376,0.287153959274292
0.2864367663860321,0.28681236505508423
0.28665170073509216,0.28688663244247437
0.2864159345626831,0.28701677918434143
0.2867963910102844,0.28687137365341187
0.28666621446609497,0.28683891892433167
0.2868289351463318,0.2870379686355591
