val,test
0.8585367202758789,0.8155918717384338
0.8594967126846313,0.8152579665184021
0.8589228987693787,0.8158491253852844
0.8586575388908386,0.8147631883621216
0.8583963513374329,0.8159748315811157
0.858476459980011,0.8159986734390259
0.8587298393249512,0.8158424496650696
0.8586293458938599,0.8146979212760925
0.8577683568000793,0.8165298700332642
0.8593096137046814,0.8152884840965271
