val,test
0.4936632215976715,0.4947777986526489
0.4847103953361511,0.48705628514289856
0.4797758162021637,0.48019465804100037
0.4731495976448059,0.4745550751686096
0.46772441267967224,0.4690486490726471
0.4630562365055084,0.4659336805343628
0.46009907126426697,0.4595053493976593
0.4564317762851715,0.4561592936515808
0.44894254207611084,0.4521524906158447
0.4425850808620453,0.44534608721733093
