val,test
0.11218159645795822,0.10128670185804367
0.047742199152708054,0.03557482361793518
0.05175081640481949,0.03697531297802925
0.04990184307098389,0.0403452068567276
0.038603510707616806,0.03026408515870571
0.045370474457740784,0.030127758160233498
0.0404682457447052,0.029791049659252167
0.03915746137499809,0.028135541826486588
0.035855986177921295,0.026228394359350204
0.03916052356362343,0.03053709864616394
