val,test
0.7451242804527283,0.7311657071113586
0.7080639600753784,0.6953631043434143
0.6742962002754211,0.6613491773605347
0.643257200717926,0.6298097372055054
0.6135602593421936,0.6015986800193787
0.5860038995742798,0.5749779343605042
0.5607938170433044,0.5500202178955078
0.5383214354515076,0.5276285409927368
0.5160638689994812,0.5064306855201721
0.4969693720340729,0.48647621273994446
