val,test
0.30753788352012634,0.33934104442596436
0.2793387770652771,0.2936014235019684
0.25371044874191284,0.27924486994743347
0.22667236626148224,0.25457146763801575
0.20420196652412415,0.24065375328063965
0.21444353461265564,0.23306527733802795
0.20241732895374298,0.21279676258563995
0.19214148819446564,0.2047290802001953
0.17542573809623718,0.1988210678100586
0.16978472471237183,0.18429751694202423
