val,test
0.3985479474067688,0.41275301575660706
0.3063477575778961,0.33764874935150146
0.28126761317253113,0.29551616311073303
0.24241483211517334,0.269239604473114
0.22263482213020325,0.23959246277809143
0.2086540162563324,0.22616411745548248
0.18965387344360352,0.20963433384895325
0.1861683577299118,0.2014828622341156
0.17876122891902924,0.18120819330215454
0.156220942735672,0.17460347712039948
