val,test
0.0925569087266922,0.08719535171985626
0.07635498046875,0.06971327215433121
0.08509717136621475,0.0698772519826889
0.0831129178404808,0.06924381852149963
0.07595834136009216,0.065287746489048
0.07496386021375656,0.07295235246419907
0.07454543560743332,0.06672874093055725
0.07896130532026291,0.0630308985710144
0.07682011276483536,0.06766261160373688
0.07217727601528168,0.06729178130626678
