val,test
0.509620189666748,0.5122053027153015
0.510224461555481,0.5118753910064697
0.5098103880882263,0.512229323387146
0.5107347965240479,0.5110759735107422
0.5095094442367554,0.5132624506950378
0.510679304599762,0.5118141174316406
0.50955730676651,0.5118033289909363
0.5079309344291687,0.5117369890213013
0.510073721408844,0.5121563673019409
0.510052502155304,0.5130683779716492
