val,test
0.41920506954193115,0.43484070897102356
0.42951709032058716,0.42567914724349976
0.4168933033943176,0.4262874126434326
0.4189378321170807,0.43065810203552246
0.4246806502342224,0.4413241446018219
0.424165815114975,0.4311443567276001
0.4192579984664917,0.4314682185649872
0.415193110704422,0.42653951048851013
0.41120314598083496,0.426959753036499
0.4217602610588074,0.4225952923297882
