val,test
0.9421682357788086,0.9035292863845825
0.9497029185295105,0.920024037361145
0.9526286721229553,0.9127403497695923
0.9383317828178406,0.899546205997467
0.955122709274292,0.9073221683502197
0.9625111222267151,0.9166179299354553
0.9477271437644958,0.9222391843795776
0.933666467666626,0.9079674482345581
0.9545186161994934,0.9227613806724548
0.956688404083252,0.8961948156356812
