val,test
0.09958631545305252,0.10493045300245285
0.04367372766137123,0.04722166806459427
0.04601135104894638,0.04627209156751633
0.03670433536171913,0.03952101990580559
0.0333063118159771,0.03348962590098381
0.030314620584249496,0.03148210421204567
0.030860887840390205,0.03130751848220825
0.02507016807794571,0.029143434017896652
0.031231259927153587,0.033846184611320496
0.026052961125969887,0.030393989756703377
