val,test
0.25940340757369995,0.25910741090774536
0.24955201148986816,0.2496362179517746
0.23370464146137238,0.23752659559249878
0.2257121354341507,0.21791791915893555
0.20659641921520233,0.1964665800333023
0.17838288843631744,0.1782483458518982
0.16114969551563263,0.15967534482479095
0.1472930759191513,0.14237672090530396
0.1331402063369751,0.13523542881011963
0.1279531568288803,0.12850745022296906
