val,test
0.8564679622650146,0.8423172235488892
0.8069506883621216,0.7936652898788452
0.714950442314148,0.6984075903892517
0.5861260294914246,0.5722795724868774
0.4468545615673065,0.437846839427948
0.32285794615745544,0.33001983165740967
0.2698614299297333,0.26779213547706604
0.24396933615207672,0.24610424041748047
0.23790204524993896,0.22242820262908936
0.22079309821128845,0.2177780419588089
