val,test
0.31205397844314575,0.3374030292034149
0.3248876929283142,0.3573398292064667
0.3227885961532593,0.3592640459537506
0.3320479691028595,0.3536622226238251
0.3287319242954254,0.3624081611633301
0.3232746124267578,0.35863035917282104
0.3236633241176605,0.3505224585533142
0.34316393733024597,0.35535305738449097
0.31944966316223145,0.3469594419002533
0.323360413312912,0.3489898443222046
