val,test
0.08500740677118301,0.08232725411653519
0.06972827017307281,0.07005441933870316
0.08434528112411499,0.058497354388237
0.07362502813339233,0.057690445333719254
0.0706930011510849,0.05942557007074356
0.07643642276525497,0.059267230331897736
0.07212846726179123,0.06007799878716469
0.07804152369499207,0.05716179311275482
0.07406378537416458,0.058160450309515
0.08073265850543976,0.05650797858834267
