val,test
0.2505909204483032,0.24801857769489288
0.25026848912239075,0.25028467178344727
0.25128835439682007,0.2482275664806366
0.24783611297607422,0.24772495031356812
0.2507118582725525,0.2496621012687683
0.24892987310886383,0.2477206140756607
0.24941419064998627,0.25088265538215637
0.24722693860530853,0.24797937273979187
0.24811607599258423,0.24777933955192566
0.24749703705310822,0.2493061125278473
