val,test
0.1042182669043541,0.10138865560293198
0.07118633389472961,0.06305050849914551
0.056406889110803604,0.05779265984892845
0.048687949776649475,0.05166530981659889
0.04281586408615112,0.044715166091918945
0.041463758796453476,0.04004024341702461
0.042998310178518295,0.03945658728480339
0.034604329615831375,0.03657659515738487
0.033519305288791656,0.032527364790439606
0.033327534794807434,0.03156358748674393
