val,test
0.7853111028671265,0.7710891366004944
0.7862098217010498,0.7714797854423523
0.7848116755485535,0.770879864692688
0.7853118181228638,0.7712845802307129
0.7858607769012451,0.7704423069953918
0.7851113080978394,0.7703448534011841
0.7854686379432678,0.7712886333465576
0.7851265668869019,0.7711791396141052
0.7860046625137329,0.7711779475212097
0.7851181626319885,0.7711932063102722
