val,test
0.25439393520355225,0.2814568877220154
0.23635929822921753,0.24828200042247772
0.21461646258831024,0.2354826033115387
0.19287292659282684,0.2108447253704071
0.185044065117836,0.20665155351161957
0.17855900526046753,0.18842850625514984
0.16659539937973022,0.18151584267616272
0.1665179282426834,0.1636783480644226
0.14357112348079681,0.16689473390579224
0.148492231965065,0.16335053741931915
