val,test
0.25317442417144775,0.2561739683151245
0.24909421801567078,0.24958616495132446
0.24532032012939453,0.24604031443595886
0.24440066516399384,0.24673987925052643
0.24236950278282166,0.2450384646654129
0.24012887477874756,0.23873522877693176
0.24151071906089783,0.23868870735168457
0.23685672879219055,0.23694059252738953
0.2372102290391922,0.23716242611408234
0.23838627338409424,0.23505577445030212
