val,test
0.12006107717752457,0.10593506693840027
0.07738208770751953,0.06032207980751991
0.05911711975932121,0.04766835272312164
0.04618491232395172,0.041589025408029556
0.04838520660996437,0.03962937742471695
0.03910169377923012,0.03125954791903496
0.04587329179048538,0.03886953741312027
0.03160954639315605,0.026669878512620926
0.036279283463954926,0.02863270230591297
0.035833410918712616,0.03022104874253273
