val,test
0.2827603816986084,0.2829038202762604
0.2811031937599182,0.2813069224357605
0.27991917729377747,0.2800568640232086
0.279038667678833,0.2791951894760132
0.27829480171203613,0.2780604660511017
0.27717161178588867,0.2775478959083557
0.2771391272544861,0.2769307792186737
0.27630963921546936,0.27611061930656433
0.2755894958972931,0.2756270170211792
0.2752307057380676,0.2753233015537262
