val,test
0.7807629108428955,0.7921072244644165
0.7739832401275635,0.7932990193367004
0.7880185842514038,0.7907185554504395
0.7701252698898315,0.7950642704963684
0.7905760407447815,0.778177797794342
0.7721283435821533,0.7967477440834045
0.7869173884391785,0.7923431992530823
0.7857289910316467,0.7879326343536377
0.7644136548042297,0.7900905609130859
0.7755299210548401,0.7819656133651733
