val,test
1.0939314365386963,1.0928250551223755
1.0210288763046265,1.0227720737457275
0.95754075050354,0.9585628509521484
0.9026401042938232,0.9034409523010254
0.8533540368080139,0.854026734828949
0.8052411079406738,0.8070351481437683
0.7648882865905762,0.7638960480690002
0.7261142134666443,0.7264460921287537
0.6925016045570374,0.691327691078186
0.6595989465713501,0.6595582365989685
