val,test
1.2363349199295044,1.2549657821655273
1.1667637825012207,1.1804121732711792
1.1131508350372314,1.1300896406173706
1.0566879510879517,1.0719743967056274
0.9920423030853271,1.0078316926956177
0.922403872013092,0.9392576217651367
0.8453037142753601,0.8537141680717468
0.7419531941413879,0.7516635656356812
0.6289496421813965,0.6321387887001038
0.4984464943408966,0.48844215273857117
