val,test
0.7416414022445679,0.7104361057281494
0.7365115880966187,0.7053899168968201
0.7327947616577148,0.701675534248352
0.7296959161758423,0.6985900402069092
0.7268804907798767,0.6960324645042419
0.7244293093681335,0.6935116052627563
0.7220427393913269,0.6912822127342224
0.7197847366333008,0.6891041994094849
0.7178083062171936,0.6870576739311218
0.7159108519554138,0.685360312461853
