val,test
0.3431089520454407,0.372984915971756
0.3398623466491699,0.3732537627220154
0.34327560663223267,0.3712131083011627
0.3402491807937622,0.37335214018821716
0.3416215777397156,0.37195488810539246
0.34071794152259827,0.37367188930511475
0.33895111083984375,0.37592050433158875
0.3435986042022705,0.37490564584732056
0.3435887098312378,0.37839606404304504
0.3412134349346161,0.3739234507083893
