val,test
0.09295147657394409,0.09875061362981796
0.06120802462100983,0.05889713764190674
0.05556468293070793,0.049109116196632385
0.04252069070935249,0.0364682674407959
0.04407106712460518,0.037546686828136444
0.04142576828598976,0.03664969280362129
0.04117538407444954,0.03606247901916504
0.04415961354970932,0.0356127992272377
0.04132232069969177,0.033908143639564514
0.04064055532217026,0.0366026796400547
