val,test
0.4747740924358368,0.47918421030044556
0.46880605816841125,0.48634466528892517
0.4748106598854065,0.4882653057575226
0.48182493448257446,0.4840376675128937
0.4747900068759918,0.47385212779045105
0.47220733761787415,0.4759902060031891
0.4725993275642395,0.48338431119918823
0.4767095148563385,0.492646187543869
0.4744372069835663,0.4812774062156677
0.47466638684272766,0.4882974624633789
