val,test
0.3745568096637726,0.37961989641189575
0.37437236309051514,0.38123276829719543
0.3721255958080292,0.37838518619537354
0.3729577660560608,0.37715986371040344
0.3742883801460266,0.37766772508621216
0.379692941904068,0.37959885597229004
0.37262529134750366,0.3826181888580322
0.3694608509540558,0.3817218244075775
0.3754897117614746,0.38222548365592957
0.3774934411048889,0.3794115483760834
