val,test
0.2471763640642166,0.24911649525165558
0.24749045073986053,0.2480822503566742
0.24588961899280548,0.24726103246212006
0.24333974719047546,0.24435514211654663
0.24445800483226776,0.245000422000885
0.24462443590164185,0.24520355463027954
0.24494850635528564,0.2423166185617447
0.24351103603839874,0.24204957485198975
0.24414080381393433,0.24256299436092377
0.24187257885932922,0.24227602779865265
