val,test
0.2625960111618042,0.26255422830581665
0.2626398503780365,0.2595556080341339
0.2597328722476959,0.25891566276550293
0.25901463627815247,0.25644025206565857
0.25773975253105164,0.25689879059791565
0.25764766335487366,0.2548697292804718
0.2557797431945801,0.2542891502380371
0.2554379403591156,0.25443214178085327
0.2555701434612274,0.25315213203430176
0.2543211281299591,0.25268569588661194
