val,test
1.1728792190551758,1.173462152481079
1.1721491813659668,1.1721336841583252
1.1732455492019653,1.1733529567718506
1.1733403205871582,1.1748313903808594
1.1732330322265625,1.17242431640625
1.1722190380096436,1.1734496355056763
1.1723453998565674,1.1740705966949463
1.1700525283813477,1.1712720394134521
1.1713098287582397,1.171600580215454
1.1719236373901367,1.1731470823287964
