val,test
0.38131779432296753,0.37474769353866577
0.37771284580230713,0.370897114276886
0.374906450510025,0.3675912618637085
0.37292420864105225,0.36581283807754517
0.3696656823158264,0.3630320429801941
0.36770620942115784,0.3614256978034973
0.3673967719078064,0.3599877953529358
0.36397698521614075,0.3574918806552887
0.36211976408958435,0.35558417439460754
0.36057841777801514,0.3531447947025299
