val,test
0.27909860014915466,0.2796229124069214
0.2802007794380188,0.2799083888530731
0.2784125804901123,0.2780345380306244
0.2790698707103729,0.2807340621948242
0.2783116400241852,0.2803429663181305
0.28070470690727234,0.27874037623405457
0.2773337960243225,0.27954089641571045
0.27877575159072876,0.27965298295021057
0.27814483642578125,0.28062981367111206
0.27818694710731506,0.2800321578979492
