val,test
0.7976781725883484,0.7692130208015442
0.8282473683357239,0.7722281217575073
0.8135602474212646,0.7706854343414307
0.8216721415519714,0.7677213549613953
0.8047963976860046,0.779756486415863
0.8085851073265076,0.7659772634506226
0.7947789430618286,0.7595013380050659
0.8133447766304016,0.7789996862411499
0.8100635409355164,0.7635226249694824
0.8178967833518982,0.7621384263038635
