val,test
0.07081533223390579,0.06792391091585159
0.06410692632198334,0.0569654256105423
0.057573869824409485,0.05677829310297966
0.060423992574214935,0.058730900287628174
0.062175873667001724,0.056901730597019196
0.061930399388074875,0.060214120894670486
0.06068558990955353,0.05725324526429176
0.05441410467028618,0.05670124664902687
0.05713164061307907,0.05504969134926796
0.06192498654127121,0.05750681087374687
