val,test
0.5369408130645752,0.542635977268219
0.5354675650596619,0.5562226176261902
0.5263261198997498,0.5625510811805725
0.537260115146637,0.5670366883277893
0.5394676327705383,0.5457428097724915
0.5342363119125366,0.5586518049240112
0.5370891690254211,0.5524225831031799
0.5263850092887878,0.5592209100723267
0.5444908142089844,0.5780928730964661
0.5223193168640137,0.5727623701095581
