val,test
0.4016556441783905,0.43451011180877686
0.40398964285850525,0.4355071187019348
0.40084129571914673,0.43193408846855164
0.4076225161552429,0.4343186020851135
0.41108259558677673,0.4449450969696045
0.39691898226737976,0.4347844123840332
0.39610767364501953,0.4424755275249481
0.39970332384109497,0.4325663447380066
0.40606287121772766,0.442767471075058
0.39993831515312195,0.43006327748298645
