val,test
1.0224405527114868,1.053449273109436
1.0280399322509766,1.0426740646362305
1.0264620780944824,1.0551156997680664
0.994469940662384,1.0440646409988403
1.01255202293396,1.0349831581115723
1.0152555704116821,1.0395443439483643
1.0101984739303589,1.0427097082138062
1.0190157890319824,1.036939024925232
1.0063358545303345,1.0394256114959717
1.0237622261047363,1.052385926246643
