val,test
0.7521594166755676,0.7204817533493042
0.7520677447319031,0.7206270098686218
0.7521539330482483,0.7204430103302002
0.7520427703857422,0.7205682992935181
0.7520095109939575,0.7204580307006836
0.7520281672477722,0.7206664085388184
0.7520783543586731,0.7208492159843445
0.7520246505737305,0.7203341126441956
0.7520678043365479,0.7202877402305603
0.752083957195282,0.7204490900039673
