val,test
0.2561928331851959,0.25571295619010925
0.2546641528606415,0.25508278608322144
0.2543832063674927,0.25547468662261963
0.25451409816741943,0.2536837160587311
0.2553102374076843,0.25425273180007935
0.2546215355396271,0.2542116641998291
0.255725622177124,0.25457534193992615
0.2559323310852051,0.2538979947566986
0.257432758808136,0.2554542124271393
0.2572954595088959,0.25526759028434753
