val,test
0.30022063851356506,0.35719427466392517
0.23567020893096924,0.2876575291156769
0.19669319689273834,0.25727522373199463
0.18372073769569397,0.2388220578432083
0.17336584627628326,0.2235158234834671
0.1563638597726822,0.21743223071098328
0.1514418125152588,0.20366452634334564
0.1424284726381302,0.1894477903842926
0.14135132730007172,0.18621471524238586
0.14050962030887604,0.18260648846626282
