val,test
1.9836363792419434,1.9757901430130005
1.9905604124069214,1.9778391122817993
1.9845503568649292,1.978678584098816
1.9886246919631958,1.974350094795227
1.9853073358535767,1.9773190021514893
1.988473892211914,1.9771249294281006
1.9888283014297485,1.9760363101959229
1.9878305196762085,1.9765323400497437
1.9879356622695923,1.9743990898132324
1.9872673749923706,1.9749442338943481
