val,test
1.0959868431091309,1.0970557928085327
1.072828769683838,1.0647013187408447
1.064692497253418,1.0656189918518066
1.06124746799469,1.0600788593292236
1.0628635883331299,1.0603359937667847
1.0650540590286255,1.0592049360275269
1.0598092079162598,1.0525081157684326
1.0612739324569702,1.0560404062271118
1.0582160949707031,1.0512802600860596
1.0531033277511597,1.0503987073898315
