val,test
1.9927617311477661,1.9919406175613403
1.9933292865753174,1.9929535388946533
1.993009090423584,1.9923263788223267
1.9937793016433716,1.99257230758667
1.9928454160690308,1.9927499294281006
1.9935206174850464,1.9920157194137573
1.9930371046066284,1.9921379089355469
1.9929437637329102,1.9916855096817017
1.9935619831085205,1.9927986860275269
1.9936957359313965,1.9922363758087158
