val,test
1.9579277038574219,1.956666350364685
1.956557035446167,1.954901933670044
1.9564917087554932,1.9542882442474365
1.9545514583587646,1.9532275199890137
1.9546087980270386,1.952478289604187
1.9533463716506958,1.9524102210998535
1.953240990638733,1.9513403177261353
1.9528627395629883,1.9515924453735352
1.9520727396011353,1.9509649276733398
1.95188307762146,1.9506012201309204
