val,test
1.2359020709991455,1.2762643098831177
1.14523184299469,1.1933197975158691
1.1108639240264893,1.1622021198272705
1.0930520296096802,1.1425777673721313
1.0789344310760498,1.1304434537887573
1.0710471868515015,1.1197997331619263
1.063842535018921,1.1162304878234863
1.0558266639709473,1.1074793338775635
1.050900936126709,1.1050355434417725
1.0519182682037354,1.0995384454727173
