val,test
2.0654444694519043,2.0652072429656982
2.0631749629974365,2.0641491413116455
2.061004400253296,2.061913013458252
2.063528537750244,2.0649845600128174
2.062936544418335,2.0630850791931152
2.0639212131500244,2.057769536972046
2.0656583309173584,2.0628414154052734
2.0617432594299316,2.063519239425659
2.0632622241973877,2.065680742263794
2.0656960010528564,2.0612144470214844
