val,test
1.055284023284912,1.1081424951553345
1.0283244848251343,1.0830742120742798
1.0185405015945435,1.0801002979278564
1.0172452926635742,1.0787497758865356
1.0107513666152954,1.0765331983566284
1.0130027532577515,1.0715199708938599
1.0153685808181763,1.072432279586792
1.0147918462753296,1.0770524740219116
1.012831687927246,1.0714415311813354
1.0112581253051758,1.0696899890899658
