val,test
1.977777361869812,1.9753799438476562
1.9675407409667969,1.967106580734253
1.9611778259277344,1.9598660469055176
1.9529478549957275,1.9534001350402832
1.9422203302383423,1.9444401264190674
1.929842472076416,1.9320032596588135
1.9103915691375732,1.9141596555709839
1.8705157041549683,1.8808599710464478
1.798282504081726,1.8207252025604248
1.7482048273086548,1.7655225992202759
