val,test
2.0611534118652344,2.0496294498443604
2.0598256587982178,2.0520801544189453
2.0581767559051514,2.049286365509033
2.0622823238372803,2.051349639892578
2.0595972537994385,2.047015428543091
2.0620083808898926,2.0515224933624268
2.0585341453552246,2.046811819076538
2.062997579574585,2.0460352897644043
2.0608010292053223,2.046313524246216
2.0586047172546387,2.0472350120544434
