val,test
1.9830514192581177,1.9764318466186523
1.9624242782592773,1.9566572904586792
1.933242678642273,1.9339463710784912
1.9064221382141113,1.904064416885376
1.8625084161758423,1.8650861978530884
1.807055115699768,1.8008959293365479
1.7467985153198242,1.7491902112960815
1.6928545236587524,1.7015324831008911
1.6688724756240845,1.6565570831298828
1.6432591676712036,1.648510217666626
