val,test
1.9728587865829468,1.9718939065933228
1.9693385362625122,1.9700721502304077
1.9656041860580444,1.9681984186172485
1.9666433334350586,1.966874361038208
1.960878610610962,1.9631692171096802
1.9600856304168701,1.9613358974456787
1.9597256183624268,1.960459589958191
1.9556721448898315,1.9576119184494019
1.9535692930221558,1.9583148956298828
1.9565988779067993,1.9560110569000244
