val,test
1.0777382850646973,1.089349389076233
1.0516211986541748,1.0651025772094727
1.0433307886123657,1.0567233562469482
1.0366522073745728,1.0575870275497437
1.0423718690872192,1.0507153272628784
1.0371720790863037,1.0558159351348877
1.0418424606323242,1.0513908863067627
1.0379165410995483,1.0537121295928955
1.0442942380905151,1.0511177778244019
1.0417262315750122,1.0522428750991821
