val,test
1.2274129390716553,1.2348579168319702
1.1661288738250732,1.1639856100082397
1.1375762224197388,1.1376844644546509
1.1222668886184692,1.1204384565353394
1.1115635633468628,1.1071864366531372
1.1064610481262207,1.0988386869430542
1.0998897552490234,1.0946893692016602
1.0942453145980835,1.0898964405059814
1.0933364629745483,1.0849672555923462
1.0896432399749756,1.084701657295227
