val,test
2.031679153442383,2.031195640563965
2.0298421382904053,2.03316593170166
2.024742841720581,2.0339553356170654
2.0301833152770996,2.033768892288208
2.0316853523254395,2.0315823554992676
2.031266927719116,2.0362610816955566
2.0326085090637207,2.034640312194824
2.0277328491210938,2.036999464035034
2.028949737548828,2.0310139656066895
2.0277271270751953,2.0336503982543945
