val,test
1.9940654039382935,1.9986954927444458
1.9936333894729614,1.997583270072937
1.9921385049819946,1.998434066772461
1.9913740158081055,1.9970176219940186
1.9913851022720337,1.9951227903366089
1.990480899810791,1.9948652982711792
1.9890832901000977,1.9946776628494263
1.989025354385376,1.9933210611343384
1.9876271486282349,1.9928765296936035
1.9876315593719482,1.9937124252319336
