val,test
1.082855224609375,1.0871883630752563
1.0557233095169067,1.0601110458374023
1.0508143901824951,1.0457037687301636
1.0490282773971558,1.0579842329025269
1.0462462902069092,1.0479215383529663
1.0477157831192017,1.0446053743362427
1.0420198440551758,1.0436861515045166
1.043571949005127,1.0391381978988647
1.0368376970291138,1.0479707717895508
1.041355013847351,1.0389164686203003
