val,test
1.9937891960144043,1.9989100694656372
1.9608315229415894,1.969427466392517
1.9276736974716187,1.9345128536224365
1.8996894359588623,1.9033257961273193
1.86948561668396,1.8745052814483643
1.841495394706726,1.846364140510559
1.8189359903335571,1.8198190927505493
1.7926788330078125,1.7938055992126465
1.769106149673462,1.769734263420105
1.743768334388733,1.7471845149993896
