val,test
1.970122218132019,1.9823914766311646
1.9717811346054077,1.9819402694702148
1.971098780632019,1.9809764623641968
1.9703240394592285,1.9822596311569214
1.9708819389343262,1.9819304943084717
1.971786379814148,1.982446551322937
1.9715021848678589,1.9819186925888062
1.9699960947036743,1.9817951917648315
1.9718562364578247,1.982218861579895
1.9708374738693237,1.9820582866668701
