val,test
2.0089738368988037,2.0021145343780518
2.0101399421691895,2.0018794536590576
2.008352279663086,2.000490427017212
2.009531259536743,2.002696990966797
2.010235071182251,2.0011918544769287
2.008782148361206,2.00185227394104
2.0101373195648193,2.0020148754119873
2.0087831020355225,2.0020105838775635
2.0088534355163574,2.0019659996032715
2.008178949356079,2.002068042755127
