val,test
1.9867689609527588,1.9935556650161743
1.97146475315094,1.978054165840149
1.9561059474945068,1.9623322486877441
1.9218443632125854,1.9246424436569214
1.861364483833313,1.8620156049728394
1.7796483039855957,1.7783163785934448
1.7014896869659424,1.7120810747146606
1.648618459701538,1.6514450311660767
1.6115713119506836,1.611634612083435
1.5793250799179077,1.5749379396438599
