val,test
1.2266113758087158,1.2361844778060913
1.1498991250991821,1.162446141242981
1.1161099672317505,1.1346186399459839
1.1016812324523926,1.1187175512313843
1.0883350372314453,1.1065329313278198
1.0807784795761108,1.0984467267990112
1.0747894048690796,1.0908657312393188
1.0683724880218506,1.085850715637207
1.0668010711669922,1.0818380117416382
1.0640748739242554,1.0800210237503052
