val,test
1.951472282409668,1.9496971368789673
1.944913625717163,1.9417343139648438
1.9392677545547485,1.9374051094055176
1.9316763877868652,1.928483486175537
1.9199498891830444,1.9167886972427368
1.9041223526000977,1.8967680931091309
1.8819326162338257,1.8730568885803223
1.8411946296691895,1.8379826545715332
1.7911438941955566,1.786487340927124
1.736119270324707,1.7368440628051758
