val,test
1.994601845741272,1.9984924793243408
1.9957802295684814,2.00063419342041
1.9956169128417969,1.9999791383743286
1.9940156936645508,1.9995412826538086
1.9961427450180054,1.9996494054794312
1.9961347579956055,2.0012550354003906
1.9960945844650269,1.9997012615203857
1.9943934679031372,1.9988631010055542
1.9946821928024292,2.0008435249328613
1.9955159425735474,1.9981961250305176
