val,test
2.022873640060425,2.0187416076660156
2.025269031524658,2.0172083377838135
2.020695447921753,2.0196645259857178
2.0252439975738525,2.0203957557678223
2.0276310443878174,2.017197608947754
2.0228753089904785,2.0200908184051514
2.024108648300171,2.0206046104431152
2.0228004455566406,2.0189480781555176
2.0261685848236084,2.021942377090454
2.0266194343566895,2.0211400985717773
