val,test
1.098811388015747,1.0581393241882324
1.0803909301757812,1.0325216054916382
1.0739928483963013,1.0272990465164185
1.0694493055343628,1.0253454446792603
1.0744599103927612,1.0164391994476318
1.07132887840271,1.019258737564087
1.0719846487045288,1.0203102827072144
1.071067214012146,1.021971583366394
1.0680158138275146,1.015910029411316
1.0688395500183105,1.0191774368286133
