val,test
1.997787356376648,2.015176296234131
1.9978712797164917,2.017822027206421
2.000821113586426,2.0173234939575195
2.004324197769165,2.0177268981933594
1.9992163181304932,2.0166587829589844
1.9963245391845703,2.017852783203125
1.9966950416564941,2.0213279724121094
1.9990781545639038,2.015310764312744
1.995924711227417,2.0175859928131104
1.9983471632003784,2.018789052963257
