val,test
2.010864496231079,2.0054829120635986
2.0125811100006104,2.0069785118103027
2.0109620094299316,2.007842779159546
2.011552095413208,2.0048699378967285
2.008230447769165,2.0062475204467773
2.007894515991211,2.00547194480896
2.010255813598633,2.0091583728790283
2.0113701820373535,2.006838798522949
2.0099596977233887,2.0103821754455566
2.0085408687591553,2.007185459136963
