val,test
2.0028083324432373,2.007877826690674
1.9996134042739868,2.0049471855163574
1.9957275390625,2.0029072761535645
1.994102120399475,1.99992835521698
1.9930365085601807,1.9975088834762573
1.992515206336975,1.9965689182281494
1.9902727603912354,1.9951227903366089
1.9880837202072144,1.9933035373687744
1.9873632192611694,1.9924277067184448
1.9859379529953003,1.9899921417236328
