val,test
1.2261627912521362,1.2312430143356323
1.1519266366958618,1.1586322784423828
1.1231857538223267,1.1273143291473389
1.1014268398284912,1.1143786907196045
1.0911296606063843,1.100149154663086
1.0888627767562866,1.0964839458465576
1.0760724544525146,1.091558575630188
1.075842261314392,1.0831643342971802
1.076467752456665,1.0780572891235352
1.0722366571426392,1.075130581855774
