val,test
2.0366485118865967,2.0250422954559326
2.032938003540039,2.0280869007110596
2.0358457565307617,2.028254508972168
2.036587715148926,2.0322186946868896
2.0366005897521973,2.032754421234131
2.035841464996338,2.028987169265747
2.033297061920166,2.0310912132263184
2.0343339443206787,2.0318520069122314
2.0325186252593994,2.031797409057617
2.0351524353027344,2.027338981628418
