val,test
1.9607454538345337,1.9596178531646729
1.9613898992538452,1.9591753482818604
1.9610111713409424,1.9591608047485352
1.961360216140747,1.9595392942428589
1.9608019590377808,1.9599313735961914
1.9606869220733643,1.9590126276016235
1.9606761932373047,1.9597549438476562
1.961229681968689,1.9595451354980469
1.961466908454895,1.9599350690841675
1.9610764980316162,1.9602657556533813
