val,test
1.964421272277832,1.9710806608200073
1.9619255065917969,1.9683486223220825
1.9599676132202148,1.9655355215072632
1.9592335224151611,1.9641618728637695
1.9577887058258057,1.9626675844192505
1.957370638847351,1.9626295566558838
1.9558271169662476,1.9615459442138672
1.9547728300094604,1.960999608039856
1.953583836555481,1.9600838422775269
1.9525227546691895,1.9571634531021118
