val,test
1.9819039106369019,1.967480182647705
1.9817737340927124,1.966566562652588
1.9816970825195312,1.9668456315994263
1.9811146259307861,1.9664229154586792
1.9807496070861816,1.9660460948944092
1.9804929494857788,1.9658044576644897
1.9798848628997803,1.96519136428833
1.9793297052383423,1.965224027633667
1.9789502620697021,1.9654258489608765
1.9798015356063843,1.9642616510391235
