val,test
1.9665006399154663,1.9714926481246948
1.9648481607437134,1.9715288877487183
1.9660769701004028,1.9708362817764282
1.9646605253219604,1.9693872928619385
1.965072751045227,1.970093846321106
1.963491678237915,1.9695134162902832
1.9643176794052124,1.9692825078964233
1.9646589756011963,1.9681683778762817
1.9628044366836548,1.9673329591751099
1.9624873399734497,1.96771240234375
