val,test
2.0807688236236572,2.0839486122131348
2.0817177295684814,2.084123134613037
2.0818324089050293,2.085533380508423
2.0787763595581055,2.0821170806884766
2.082731008529663,2.084496021270752
2.0837481021881104,2.08439564704895
2.08089280128479,2.085655689239502
2.0827620029449463,2.0869226455688477
2.0834803581237793,2.0815017223358154
2.0781636238098145,2.0839405059814453
