val,test
1.8992986679077148,1.9098764657974243
1.8680347204208374,1.882201075553894
1.8379337787628174,1.8472867012023926
1.8106689453125,1.8197457790374756
1.7801845073699951,1.795444369316101
1.749626874923706,1.7686030864715576
1.7248520851135254,1.7457698583602905
1.705000400543213,1.7241215705871582
1.6821695566177368,1.6987738609313965
1.6564708948135376,1.6815077066421509
