val,test
1.9795621633529663,1.9851287603378296
1.9790910482406616,1.9848743677139282
1.97813081741333,1.985231637954712
1.9782711267471313,1.9841755628585815
1.9772396087646484,1.983533263206482
1.9776471853256226,1.982265591621399
1.9767446517944336,1.9823044538497925
1.9754550457000732,1.9822865724563599
1.9758684635162354,1.982146143913269
1.9745440483093262,1.981708288192749
