val,test
1.9632673263549805,1.9597103595733643
1.9314640760421753,1.9214773178100586
1.8990055322647095,1.893792748451233
1.8699727058410645,1.8604575395584106
1.8426364660263062,1.837568998336792
1.817605972290039,1.8063353300094604
1.7913055419921875,1.779739499092102
1.7660337686538696,1.7556064128875732
1.740103006362915,1.7322683334350586
1.7194926738739014,1.7111542224884033
