val,test
2.005924701690674,2.0127627849578857
2.0037693977355957,2.0144433975219727
2.0039751529693604,2.014286994934082
2.0060369968414307,2.0130434036254883
2.0041091442108154,2.012066125869751
2.0062549114227295,2.013310194015503
2.004636764526367,2.014346122741699
2.005197763442993,2.0124690532684326
2.0024681091308594,2.014194965362549
2.005065441131592,2.01296329498291
