val,test
1.9716558456420898,1.971869707107544
1.970673680305481,1.969345211982727
1.9699366092681885,1.9681050777435303
1.9668688774108887,1.966446042060852
1.9655717611312866,1.9647475481033325
1.964896559715271,1.9645668268203735
1.9635124206542969,1.962129831314087
1.9627183675765991,1.963117003440857
1.9611737728118896,1.9612462520599365
1.9590190649032593,1.960059404373169
