val,test
1.9779117107391357,1.9781705141067505
1.9794750213623047,1.9771287441253662
1.9770156145095825,1.9783966541290283
1.9766514301300049,1.9774014949798584
1.977932333946228,1.9771409034729004
1.9781858921051025,1.9774748086929321
1.978125810623169,1.9743939638137817
1.9778727293014526,1.9767197370529175
1.9775099754333496,1.9776142835617065
1.9780471324920654,1.9779276847839355
