val,test
2.0173158645629883,2.0322105884552
2.017979145050049,2.0320355892181396
2.017029047012329,2.0330886840820312
2.017597198486328,2.032482624053955
2.017035484313965,2.0329360961914062
2.0165483951568604,2.0326075553894043
2.01652455329895,2.0332539081573486
2.0166146755218506,2.0326390266418457
2.016329050064087,2.0326380729675293
2.0185017585754395,2.0334038734436035
