val,test
1.9663043022155762,1.9731687307357788
1.966615915298462,1.9724568128585815
1.966597318649292,1.9720933437347412
1.9663351774215698,1.972745418548584
1.9657418727874756,1.9723706245422363
1.966476321220398,1.9729856252670288
1.9671013355255127,1.972440242767334
1.9676374197006226,1.972744107246399
1.9667847156524658,1.9714560508728027
1.9664316177368164,1.9725748300552368
