val,test
1.959216833114624,1.9680134057998657
1.9519654512405396,1.9583029747009277
1.9422516822814941,1.9445029497146606
1.9290485382080078,1.931787133216858
1.914398193359375,1.9116482734680176
1.8800569772720337,1.8880410194396973
1.8441904783248901,1.8525296449661255
1.8069263696670532,1.804002046585083
1.7663979530334473,1.771144986152649
1.7494453191757202,1.7499589920043945
