val,test
1.9588887691497803,1.961317539215088
1.9586458206176758,1.9621422290802002
1.9589217901229858,1.9623695611953735
1.9592727422714233,1.9612692594528198
1.9595571756362915,1.9621336460113525
1.9583388566970825,1.9615459442138672
1.9592005014419556,1.9621248245239258
1.9577094316482544,1.962776780128479
1.9589383602142334,1.9625513553619385
1.9594473838806152,1.961476445198059
