val,test
1.979435920715332,1.9865103960037231
1.9792506694793701,1.9861931800842285
1.9798554182052612,1.9860811233520508
1.9785503149032593,1.9863462448120117
1.9792890548706055,1.986201524734497
1.9800480604171753,1.9862929582595825
1.979117751121521,1.9865872859954834
1.979215383529663,1.9873610734939575
1.9805439710617065,1.9862060546875
1.9792544841766357,1.986695408821106
