val,test
1.98708176612854,1.996626615524292
1.9850008487701416,1.9962502717971802
1.9847511053085327,1.9931409358978271
1.9871771335601807,1.9953830242156982
1.9897477626800537,1.997198224067688
1.9906017780303955,1.9950242042541504
1.9941767454147339,1.988908290863037
1.9881541728973389,1.9943698644638062
1.9893649816513062,1.9921714067459106
1.9924168586730957,1.9917093515396118
