val,test
1.2366383075714111,1.2508223056793213
1.158653736114502,1.1771953105926514
1.1286066770553589,1.1456539630889893
1.1121891736984253,1.1245641708374023
1.0980019569396973,1.1157091856002808
1.088911533355713,1.1073408126831055
1.0837669372558594,1.098063349723816
1.080509901046753,1.0943683385849
1.0763658285140991,1.0931768417358398
1.0716030597686768,1.0871776342391968
