val,test
2.013093948364258,2.008295774459839
2.0086920261383057,2.0072720050811768
2.013702630996704,2.0097153186798096
2.013948917388916,2.0098774433135986
2.013113021850586,2.0106279850006104
2.011469841003418,2.009828805923462
2.0136947631835938,2.0099124908447266
2.008387804031372,2.0048916339874268
2.011284589767456,2.0052714347839355
2.010582685470581,2.0079989433288574
