val,test
1.9656763076782227,1.9715079069137573
1.9682542085647583,1.9735990762710571
1.9673303365707397,1.974996566772461
1.969104528427124,1.9685423374176025
1.9696494340896606,1.9725347757339478
1.9655636548995972,1.9762855768203735
1.9674468040466309,1.9771268367767334
1.9631214141845703,1.9734277725219727
1.9647927284240723,1.9734054803848267
1.970262050628662,1.9742680788040161
