val,test
2.037285089492798,2.0420053005218506
2.0346288681030273,2.0420405864715576
2.03342866897583,2.0411159992218018
2.033287763595581,2.0424952507019043
2.0379819869995117,2.041619062423706
2.0367753505706787,2.0440382957458496
2.035674571990967,2.0397098064422607
2.035982608795166,2.039515972137451
2.0362162590026855,2.043898582458496
2.0330257415771484,2.039407253265381
