val,test
1.9967215061187744,2.0023326873779297
1.9607120752334595,1.968381404876709
1.9289084672927856,1.9310358762741089
1.89728581905365,1.9019641876220703
1.8658175468444824,1.8705103397369385
1.8326900005340576,1.8402410745620728
1.8077598810195923,1.81094229221344
1.7807585000991821,1.7846295833587646
1.7556287050247192,1.763282060623169
1.7314074039459229,1.7344651222229004
