val,test
2.0114870071411133,2.0162529945373535
2.0111372470855713,2.0174386501312256
2.011104106903076,2.0172107219696045
2.0116641521453857,2.0158042907714844
2.011946439743042,2.0173914432525635
2.010606288909912,2.0175342559814453
2.012106418609619,2.0171585083007812
2.0119621753692627,2.0166990756988525
2.0123493671417236,2.0175228118896484
2.010603189468384,2.017021656036377
