val,test
1.9685111045837402,1.9757108688354492
1.968093991279602,1.9759489297866821
1.9690686464309692,1.9754524230957031
1.9690320491790771,1.9755558967590332
1.969228982925415,1.9751980304718018
1.9682008028030396,1.975048542022705
1.9687260389328003,1.9753718376159668
1.9686737060546875,1.9758704900741577
1.9679371118545532,1.9748939275741577
1.9687614440917969,1.9749494791030884
