val,test
1.930882215499878,1.9453752040863037
1.9350343942642212,1.9404122829437256
1.9300991296768188,1.9407439231872559
1.9288818836212158,1.9404150247573853
1.9349443912506104,1.9407165050506592
1.9324612617492676,1.9433648586273193
1.9327270984649658,1.9443222284317017
1.9282307624816895,1.94077730178833
1.9311299324035645,1.939834475517273
1.9354068040847778,1.943652629852295
