val,test
2.0011940002441406,1.9973649978637695
1.994634747505188,1.9902487993240356
1.9898279905319214,1.9899506568908691
1.9883025884628296,1.9845470190048218
1.9854464530944824,1.98721444606781
1.9851170778274536,1.9800993204116821
1.9829214811325073,1.979816198348999
1.9807134866714478,1.9764810800552368
1.9782153367996216,1.9760991334915161
1.9759186506271362,1.9751163721084595
