val,test
1.0811259746551514,1.0966938734054565
1.0506579875946045,1.0589790344238281
1.0440289974212646,1.0582624673843384
1.0391695499420166,1.0493419170379639
1.0369371175765991,1.0530428886413574
1.0348533391952515,1.0475863218307495
1.0317902565002441,1.04636549949646
1.037549376487732,1.049039602279663
1.032193660736084,1.047956943511963
1.0329283475875854,1.0420420169830322
