val,test
1.2659318447113037,1.2206429243087769
1.1942909955978394,1.1446573734283447
1.1596719026565552,1.1063324213027954
1.1366298198699951,1.089245080947876
1.126639485359192,1.0787914991378784
1.1205880641937256,1.0710042715072632
1.1128854751586914,1.0648727416992188
1.1083416938781738,1.0597026348114014
1.1017749309539795,1.0558910369873047
1.1007213592529297,1.052883505821228
