val,test
2.0603489875793457,2.073861598968506
2.063541889190674,2.072969675064087
2.0590524673461914,2.074220895767212
2.062201499938965,2.0695204734802246
2.0614964962005615,2.0702502727508545
2.061802387237549,2.070176124572754
2.0609233379364014,2.074855327606201
2.0644078254699707,2.0710411071777344
2.064168930053711,2.070434331893921
2.0621109008789062,2.0692138671875
