val,test
1.0126394033432007,1.0074994564056396
1.0131175518035889,1.0068637132644653
1.0119420289993286,1.0008518695831299
1.0130081176757812,1.0009676218032837
1.0106130838394165,1.0089552402496338
1.012126088142395,1.0037990808486938
1.0094166994094849,1.004565954208374
1.0139528512954712,1.0057072639465332
1.0101737976074219,1.0068544149398804
1.011592984199524,1.0052428245544434
