val,test
0.9687467217445374,0.9521295428276062
0.9681143760681152,0.9522864818572998
0.9695695042610168,0.9523760676383972
0.9686993360519409,0.953112006187439
0.968779444694519,0.9541154503822327
0.9704748392105103,0.9531431198120117
0.9689215421676636,0.9531168937683105
0.9684258699417114,0.9532002806663513
0.9681063890457153,0.953838050365448
0.9682629108428955,0.9530794024467468
