val,test
0.19907468557357788,0.20501786470413208
0.17000359296798706,0.1769028604030609
0.1592819094657898,0.16332344710826874
0.15236420929431915,0.1537853628396988
0.1470230370759964,0.14859789609909058
0.14277470111846924,0.14636287093162537
0.14199627935886383,0.14332826435565948
0.14050909876823425,0.14266495406627655
0.13979606330394745,0.1404341161251068
0.13778477907180786,0.13902856409549713
