val,test
0.16069337725639343,0.15779100358486176
0.13845987617969513,0.13918949663639069
0.1349596530199051,0.13603365421295166
0.13362081348896027,0.13619115948677063
0.13567900657653809,0.13665227591991425
0.13409818708896637,0.13484297692775726
0.13407164812088013,0.135592982172966
0.1326882392168045,0.13435330986976624
0.13384327292442322,0.1338898092508316
0.13375341892242432,0.13406939804553986
