val,test
0.36783158779144287,0.3886902630329132
0.3764181137084961,0.38256874680519104
0.37066954374313354,0.3816607594490051
0.3739892840385437,0.3818933069705963
0.37892669439315796,0.3878868818283081
0.3742908537387848,0.3857279419898987
0.3741772174835205,0.3841549754142761
0.3717762231826782,0.3790563642978668
0.3748103976249695,0.3888692557811737
0.3779430091381073,0.3863091766834259
