val,test
0.1367688775062561,0.13902632892131805
0.13374045491218567,0.13096433877944946
0.12975235283374786,0.12980295717716217
0.1266624629497528,0.1275520622730255
0.12797148525714874,0.12780696153640747
0.12612906098365784,0.12617529928684235
0.1270284801721573,0.12655828893184662
0.12752516567707062,0.1264514923095703
0.12836429476737976,0.12844176590442657
0.12672990560531616,0.12648777663707733
