val,test
1.2368109226226807,1.233250379562378
1.0816845893859863,1.0804333686828613
0.9677270650863647,0.9676035046577454
0.8837244510650635,0.8794427514076233
0.8085052967071533,0.8032212257385254
0.7464545369148254,0.74503093957901
0.6935464143753052,0.6942577362060547
0.6458709836006165,0.6422927975654602
0.6071178317070007,0.6087636947631836
0.5696120858192444,0.5716891884803772
