val,test
0.2927151322364807,0.29281648993492126
0.20584268867969513,0.20858611166477203
0.17832469940185547,0.17506814002990723
0.16364701092243195,0.16356855630874634
0.1584491729736328,0.15710456669330597
0.15465688705444336,0.15214803814888
0.15055567026138306,0.14926548302173615
0.14801731705665588,0.14560267329216003
0.14907333254814148,0.14589719474315643
0.14524586498737335,0.14422990381717682
