val,test
0.39251792430877686,0.39207905530929565
0.269291490316391,0.26871177554130554
0.22314168512821198,0.22548387944698334
0.20872898399829865,0.209552600979805
0.20410853624343872,0.20244711637496948
0.2033543586730957,0.20206350088119507
0.200633704662323,0.19964340329170227
0.19826175272464752,0.199894517660141
0.20118118822574615,0.20170098543167114
0.19915816187858582,0.20018433034420013
