val,test
0.5286809206008911,0.5194780826568604
0.5288563370704651,0.5204275250434875
0.5284382104873657,0.5206116437911987
0.5283341407775879,0.5199865698814392
0.5293105244636536,0.5204968452453613
0.5284739136695862,0.5193039774894714
0.5279189348220825,0.519339919090271
0.528540849685669,0.5197271108627319
0.5289292931556702,0.519027590751648
0.5282462239265442,0.5193917751312256
