val,test
0.8197177648544312,0.8181985020637512
0.8157418370246887,0.8226431608200073
0.8127807974815369,0.826729416847229
0.8159418702125549,0.8249514698982239
0.8192833065986633,0.8246536254882812
0.819313645362854,0.8241481184959412
0.8178654909133911,0.8210377097129822
0.8167951107025146,0.8230337500572205
0.8219346404075623,0.8248358368873596
0.8216590881347656,0.8202099204063416
