val,test
0.24108447134494781,0.2419380098581314
0.24106675386428833,0.24160373210906982
0.2415347397327423,0.2413705587387085
0.24090979993343353,0.24152512848377228
0.2402326613664627,0.24156302213668823
0.24142120778560638,0.24143023788928986
0.24074533581733704,0.24140234291553497
0.2413109689950943,0.24118469655513763
0.24158138036727905,0.24126291275024414
0.241477832198143,0.2415628433227539
