val,test
0.35649529099464417,0.3402481973171234
0.35619625449180603,0.34516260027885437
0.35207584500312805,0.3435367941856384
0.3533005118370056,0.34211429953575134
0.3583196699619293,0.34111538529396057
0.3533250391483307,0.34377554059028625
0.3559597134590149,0.343669593334198
0.3496059477329254,0.34403133392333984
0.3548494875431061,0.34374120831489563
0.35814428329467773,0.3403327465057373
