val,test
0.3197767734527588,0.32349923253059387
0.32784244418144226,0.3265244960784912
0.3298507630825043,0.32123613357543945
0.3252505362033844,0.32805633544921875
0.32660117745399475,0.3285028636455536
0.3245123326778412,0.3270198106765747
0.3258433938026428,0.3288232684135437
0.32834741473197937,0.3316230773925781
0.3242047429084778,0.322221577167511
0.32697442173957825,0.32787618041038513
