val,test
0.1738467663526535,0.17541617155075073
0.14996297657489777,0.15363217890262604
0.14497850835323334,0.14762282371520996
0.14113165438175201,0.14615575969219208
0.13976117968559265,0.14368021488189697
0.13910861313343048,0.14204241335391998
0.1394338309764862,0.14306312799453735
0.13540218770503998,0.14049401879310608
0.13631288707256317,0.14107882976531982
0.13704532384872437,0.14064565300941467
