val,test
0.9076499342918396,0.8995342254638672
0.9080634713172913,0.8995006084442139
0.9107588529586792,0.9025055170059204
0.9083291292190552,0.9027244448661804
0.9072821140289307,0.9089083075523376
0.9061484932899475,0.8994603753089905
0.9150475263595581,0.9017919301986694
0.9046502113342285,0.8999825716018677
0.9086013436317444,0.8992977142333984
0.9050619006156921,0.9029664397239685
