val,test
0.2220013588666916,0.20585772395133972
0.187670037150383,0.1785152405500412
0.17242823541164398,0.16460020840168
0.1618492156267166,0.1587839275598526
0.15747445821762085,0.15004336833953857
0.153510183095932,0.1479470580816269
0.14917010068893433,0.14575959742069244
0.1489795595407486,0.14480358362197876
0.14591224491596222,0.144025519490242
0.14347626268863678,0.14054788649082184
