val,test
0.6176403164863586,0.633691668510437
0.21371008455753326,0.20992474257946014
0.18274281919002533,0.175712451338768
0.17056788504123688,0.16496165096759796
0.16319537162780762,0.15315577387809753
0.1598839908838272,0.15397830307483673
0.1558556705713272,0.15144942700862885
0.15364792943000793,0.14721564948558807
0.15216811001300812,0.14320701360702515
0.14985616505146027,0.14404414594173431
