val,test
0.12992236018180847,0.1329052895307541
0.12665346264839172,0.12961003184318542
0.125947505235672,0.12669996917247772
0.12437263876199722,0.12599395215511322
0.12396897375583649,0.12548846006393433
0.1250278800725937,0.12737174332141876
0.12294381856918335,0.12573370337486267
0.12387639284133911,0.1251271516084671
0.12346228957176208,0.12472858279943466
0.1228809580206871,0.1247735545039177
