val,test
0.281470388174057,0.28662851452827454
0.2817181646823883,0.2850848436355591
0.28121042251586914,0.28485968708992004
0.27999815344810486,0.2868104875087738
0.28626492619514465,0.29228144884109497
0.28171324729919434,0.28920623660087585
0.2825619578361511,0.28646308183670044
0.2770996689796448,0.2897820770740509
0.27945438027381897,0.29090115427970886
0.2830474376678467,0.2887531518936157
