val,test
0.13975052535533905,0.13659244775772095
0.13500778377056122,0.13563312590122223
0.1348094791173935,0.1357026994228363
0.1324678361415863,0.13187284767627716
0.13156819343566895,0.13158787786960602
0.13114534318447113,0.13010238111019135
0.1299528330564499,0.13164082169532776
0.1295069456100464,0.12949521839618683
0.13055898249149323,0.1289539933204651
0.12972165644168854,0.12962941825389862
