val,test
0.13619457185268402,0.13895878195762634
0.1333414912223816,0.1396714597940445
0.1306345909833908,0.1375383883714676
0.12952038645744324,0.13509638607501984
0.12964555621147156,0.1343027651309967
0.1284087598323822,0.13406771421432495
0.12650273740291595,0.13237614929676056
0.12933671474456787,0.13314169645309448
0.12674085795879364,0.13193896412849426
0.1267128884792328,0.13202275335788727
