val,test
0.7381151914596558,0.7347443103790283
0.7406803369522095,0.736657440662384
0.7397522330284119,0.7341980338096619
0.741389274597168,0.7329256534576416
0.7371217012405396,0.7340353727340698
0.7391757965087891,0.7410157918930054
0.7379938364028931,0.7368420362472534
0.740695595741272,0.7365915179252625
0.7394858598709106,0.7374814748764038
0.7373583316802979,0.730628252029419
