val,test
0.8063027858734131,0.8148208260536194
0.25732991099357605,0.25957903265953064
0.20994777977466583,0.21369050443172455
0.20205512642860413,0.19941584765911102
0.18758362531661987,0.19059672951698303
0.18738088011741638,0.18970856070518494
0.1844923347234726,0.18177926540374756
0.17579489946365356,0.17705875635147095
0.17330728471279144,0.17708486318588257
0.1680411398410797,0.17131906747817993
