val,test
0.5048753023147583,0.500115156173706
0.5038992166519165,0.4993658661842346
0.5033008456230164,0.5001365542411804
0.5031892657279968,0.5014914870262146
0.5056001543998718,0.5001723170280457
0.5045769214630127,0.5001857280731201
0.5037275552749634,0.5008700489997864
0.5047324895858765,0.5006576776504517
0.5039706826210022,0.4999535083770752
0.5041911005973816,0.5014869570732117
