val,test
0.8489869236946106,0.843975841999054
0.8492439985275269,0.8445132374763489
0.8484885692596436,0.8448596000671387
0.8487269878387451,0.8445203304290771
0.8488092422485352,0.8437095880508423
0.8487910628318787,0.8438158631324768
0.8487070202827454,0.8447577357292175
0.8492515683174133,0.8443037867546082
0.8479868173599243,0.8446264266967773
0.8482911586761475,0.8450351357460022
