val,test
0.3951464295387268,0.39517006278038025
0.3953648507595062,0.395120769739151
0.3955146372318268,0.39495766162872314
0.3953516483306885,0.39513155817985535
0.39538928866386414,0.39504724740982056
0.3954084515571594,0.3950762450695038
0.39553067088127136,0.3951902985572815
0.3955349028110504,0.39507779479026794
0.3955073654651642,0.3950888514518738
0.39571613073349,0.39513808488845825
