val,test
0.5368470549583435,0.5191386938095093
0.5190619826316833,0.5014793872833252
0.5051036477088928,0.4879458248615265
0.49324536323547363,0.476420134305954
0.4831942021846771,0.46617668867111206
0.47398748993873596,0.45708534121513367
0.4654611349105835,0.449007511138916
0.4572514295578003,0.44138064980506897
0.4503442049026489,0.43411770462989807
0.44322115182876587,0.42777252197265625
