val,test
0.3599281311035156,0.3596111834049225
0.3435570299625397,0.3435947895050049
0.32912012934684753,0.32841408252716064
0.3160812556743622,0.31519442796707153
0.30292803049087524,0.3019724190235138
0.29075896739959717,0.2892668545246124
0.2790851294994354,0.27764561772346497
0.26841551065444946,0.2658839225769043
0.25784817337989807,0.2559308707714081
0.24765872955322266,0.24550935626029968
