val,test
0.6009439826011658,0.6152244806289673
0.6055252552032471,0.620663046836853
0.6068297624588013,0.6229243278503418
0.6041327118873596,0.611893355846405
0.6092521548271179,0.6176559925079346
0.6072739362716675,0.6193671226501465
0.6085215210914612,0.6257987022399902
0.6091607809066772,0.6242732405662537
0.6043871641159058,0.6207941770553589
0.6120043992996216,0.6277393698692322
