val,test
0.9111614227294922,0.9270502924919128
0.9102590680122375,0.9271378517150879
0.9101494550704956,0.9276317358016968
0.9088300466537476,0.9271032214164734
0.9116250872612,0.9259433746337891
0.9112610220909119,0.9276385307312012
0.9115033745765686,0.9263771176338196
0.9080730676651001,0.9271633625030518
0.9108248353004456,0.9271979331970215
0.9105969071388245,0.926713228225708
