val,test
0.3262909948825836,0.32945507764816284
0.30504512786865234,0.30988970398902893
0.289659708738327,0.2929392158985138
0.27468597888946533,0.27905404567718506
0.260650634765625,0.26603588461875916
0.2494906336069107,0.2526622414588928
0.2379026859998703,0.2424553781747818
0.22781148552894592,0.23319755494594574
0.22091048955917358,0.22457988560199738
0.21455301344394684,0.21715746819972992
