val,test
0.169218510389328,0.17140725255012512
0.14983949065208435,0.15150141716003418
0.1442852020263672,0.14735287427902222
0.1414317786693573,0.1445273458957672
0.14112435281276703,0.14202310144901276
0.14031976461410522,0.14178448915481567
0.13815809786319733,0.14123761653900146
0.13835959136486053,0.1382211595773697
0.13738784193992615,0.1394033282995224
0.13667795062065125,0.13812310993671417
