val,test
0.42949244379997253,0.4238816499710083
0.42630189657211304,0.4258614182472229
0.42228180170059204,0.4236239492893219
0.42595064640045166,0.427010178565979
0.4273422956466675,0.42138415575027466
0.4251348376274109,0.41986268758773804
0.4276876151561737,0.42266568541526794
0.42581191658973694,0.4223176836967468
0.42600828409194946,0.426514595746994
0.4260507822036743,0.42379477620124817
