val,test
0.8155498504638672,0.8325069546699524
0.7719582915306091,0.7874804139137268
0.734104573726654,0.7493784427642822
0.6997187733650208,0.7138895988464355
0.6692695021629333,0.6847872138023376
0.6386794447898865,0.6545364856719971
0.6128478646278381,0.627265214920044
0.590908408164978,0.6060241460800171
0.5653932690620422,0.5828633904457092
0.5433018803596497,0.5600277781486511
