val,test
0.14731299877166748,0.14401480555534363
0.14266502857208252,0.13861386477947235
0.14001138508319855,0.13587458431720734
0.136137455701828,0.1342053860425949
0.13819244503974915,0.1337500512599945
0.1345149129629135,0.13371281325817108
0.13453973829746246,0.1318044364452362
0.13606439530849457,0.1322798877954483
0.1344471424818039,0.1318703442811966
0.13266721367835999,0.13099488615989685
