val,test
0.1384402960538864,0.13507281243801117
0.13334958255290985,0.13184688985347748
0.1301337480545044,0.12921135127544403
0.12850569188594818,0.1270252913236618
0.12708638608455658,0.12547454237937927
0.12702082097530365,0.12540851533412933
0.12751628458499908,0.12581022083759308
0.12616658210754395,0.12572211027145386
0.1279657781124115,0.1255447268486023
0.12723152339458466,0.12560245394706726
