val,test
0.1413777470588684,0.13815027475357056
0.1386459618806839,0.13471336662769318
0.13747933506965637,0.13516809046268463
0.1351454108953476,0.1328500360250473
0.13515281677246094,0.1323259472846985
0.13464809954166412,0.1329190582036972
0.1340324580669403,0.13136978447437286
0.13460716605186462,0.12987440824508667
0.13262994587421417,0.12978242337703705
0.13225796818733215,0.1300731897354126
