val,test
0.5236416459083557,0.5179467797279358
0.522805392742157,0.5253942012786865
0.5277418494224548,0.526265025138855
0.5237781405448914,0.5231291651725769
0.524721086025238,0.5263693928718567
0.5247269868850708,0.5285325646400452
0.5219707489013672,0.5247449278831482
0.5238190293312073,0.523219883441925
0.525090217590332,0.5233976244926453
0.5232434868812561,0.5249629020690918
