val,test
0.31344282627105713,0.32272234559059143
0.3156973421573639,0.3218638002872467
0.3168337345123291,0.3285203278064728
0.3166283965110779,0.3284052908420563
0.31320545077323914,0.3243081867694855
0.31560561060905457,0.32699933648109436
0.31482693552970886,0.3252355754375458
0.3104296624660492,0.3317515254020691
0.3152941167354584,0.3205110430717468
0.31451383233070374,0.3245556950569153
