val,test
0.13635262846946716,0.14158739149570465
0.1339906007051468,0.137815460562706
0.13158199191093445,0.13681255280971527
0.1297978162765503,0.13593727350234985
0.12926560640335083,0.13437344133853912
0.12887395918369293,0.13482031226158142
0.12764403223991394,0.13527590036392212
0.1291613131761551,0.13313329219818115
0.12819916009902954,0.13270068168640137
0.1275569349527359,0.13194933533668518
