val,test
0.35843342542648315,0.3582211136817932
0.36799904704093933,0.3608047664165497
0.3607277274131775,0.35765543580055237
0.35830384492874146,0.36087149381637573
0.3645065128803253,0.36028075218200684
0.35564854741096497,0.3606266379356384
0.365236759185791,0.35907918214797974
0.3636894226074219,0.3581731617450714
0.36642295122146606,0.35935041308403015
0.3621564507484436,0.3558403551578522
