val,test
0.14121322333812714,0.13946841657161713
0.13673684000968933,0.1340589076280594
0.13410700857639313,0.13088880479335785
0.13070052862167358,0.1302194446325302
0.13155010342597961,0.1295737624168396
0.12842264771461487,0.12728933990001678
0.12825806438922882,0.12725737690925598
0.12756294012069702,0.1262538880109787
0.12777923047542572,0.12628211081027985
0.12788137793540955,0.12648358941078186
