val,test
1.5797393321990967,1.578057050704956
1.5849255323410034,1.5758322477340698
1.5846022367477417,1.574934959411621
1.5839091539382935,1.575722575187683
1.5795140266418457,1.5765409469604492
1.5826722383499146,1.5723258256912231
1.5806769132614136,1.5796449184417725
1.5845775604248047,1.5743992328643799
1.5859407186508179,1.5749831199645996
1.5803420543670654,1.5739502906799316
