val,test
0.2000434845685959,0.19734910130500793
0.20053771138191223,0.19706912338733673
0.20073439180850983,0.19736506044864655
0.20041091740131378,0.1968550980091095
0.20048175752162933,0.19683662056922913
0.20025044679641724,0.19716763496398926
0.20065632462501526,0.19685004651546478
0.2007542848587036,0.19723226130008698
0.20011191070079803,0.19668622314929962
0.2004087120294571,0.19670547544956207
