val,test
0.2603294849395752,0.26443764567375183
0.19375163316726685,0.20070907473564148
0.17267565429210663,0.17499922215938568
0.16224928200244904,0.1671801060438156
0.15818257629871368,0.15789522230625153
0.1543194204568863,0.15394411981105804
0.1513793021440506,0.14993450045585632
0.148936465382576,0.14928296208381653
0.14918342232704163,0.14738476276397705
0.14771944284439087,0.14562830328941345
