val,test
0.3093988597393036,0.3181779682636261
0.3099830150604248,0.31902167201042175
0.3105866014957428,0.3183569610118866
0.30967622995376587,0.31863266229629517
0.3092935383319855,0.31872865557670593
0.308944433927536,0.31782224774360657
0.3096252381801605,0.31874921917915344
0.3107168972492218,0.318502813577652
0.3093971908092499,0.31809061765670776
0.3104950785636902,0.31867125630378723
