val,test
0.1916937381029129,0.18845880031585693
0.18716348707675934,0.18443027138710022
0.18509718775749207,0.18229436874389648
0.18307450413703918,0.18101666867733002
0.1834908425807953,0.18043872714042664
0.1826789230108261,0.18035481870174408
0.18263666331768036,0.17985738813877106
0.18249225616455078,0.17987975478172302
0.18248924612998962,0.17981451749801636
0.18231981992721558,0.1795959174633026
