val,test
0.925169825553894,0.9274303913116455
0.9264947772026062,0.9252884387969971
0.9342612624168396,0.9265637993812561
0.9308832883834839,0.9301900267601013
0.9243804216384888,0.9269260764122009
0.9289892911911011,0.9312825202941895
0.927973747253418,0.9309796690940857
0.9259495139122009,0.9327298402786255
0.9274841547012329,0.9248107075691223
0.9261941313743591,0.9322769045829773
