val,test
0.2438889890909195,0.2515449821949005
0.2133893370628357,0.21814283728599548
0.19524013996124268,0.20159414410591125
0.18846161663532257,0.19229786098003387
0.1849970519542694,0.18816852569580078
0.1825876384973526,0.18649409711360931
0.18193639814853668,0.18475086987018585
0.18059147894382477,0.18424099683761597
0.1809801310300827,0.18437334895133972
0.18013818562030792,0.18466363847255707
