val,test
1.190816044807434,1.2203630208969116
1.1102962493896484,1.1399136781692505
1.0527455806732178,1.0793462991714478
1.0051534175872803,1.0307368040084839
0.9654583930969238,0.9917405247688293
0.9283859133720398,0.9520255923271179
0.8931823968887329,0.9197551608085632
0.8609340190887451,0.8788990378379822
0.8332376480102539,0.8526725172996521
0.8042296171188354,0.8244746327400208
