val,test
1.0569665431976318,1.0390108823776245
0.968203604221344,0.9495233297348022
0.891433596611023,0.8788807392120361
0.8287740349769592,0.8125474452972412
0.769904613494873,0.7535040974617004
0.7103016972541809,0.6964164972305298
0.6650201082229614,0.6474446654319763
0.6224429607391357,0.6089317202568054
0.5909342169761658,0.5737841129302979
0.5501158237457275,0.5384949445724487
