val,test
0.21036888659000397,0.20848383009433746
0.21020781993865967,0.20861922204494476
0.21032892167568207,0.20852980017662048
0.2103963941335678,0.2084670215845108
0.21031801402568817,0.20848210155963898
0.21049107611179352,0.20878903567790985
0.21019572019577026,0.2086823731660843
0.21038159728050232,0.2086103856563568
0.21046632528305054,0.20844952762126923
0.2103312611579895,0.20854982733726501
