val,test
1.4681602716445923,1.467902660369873
1.4738054275512695,1.4708232879638672
1.4712913036346436,1.4775793552398682
1.4651952981948853,1.4697117805480957
1.463311791419983,1.474237322807312
1.465703010559082,1.475702166557312
1.4636244773864746,1.472129225730896
1.4688917398452759,1.4696848392486572
1.4667491912841797,1.4729055166244507
1.4686797857284546,1.4703408479690552
