val,test
1.2406470775604248,1.2191745042800903
1.2392069101333618,1.2205668687820435
1.2390007972717285,1.2200143337249756
1.2391202449798584,1.2196398973464966
1.2420581579208374,1.2203295230865479
1.2392572164535522,1.218291163444519
1.2406277656555176,1.2191745042800903
1.2389075756072998,1.2188881635665894
1.241014838218689,1.2197099924087524
1.2388402223587036,1.220259428024292
