val,test
0.5779774785041809,0.5595788359642029
0.577987015247345,0.559806764125824
0.578011155128479,0.559541642665863
0.577549159526825,0.5601451992988586
0.5778533220291138,0.5592893958091736
0.5776829123497009,0.5594515800476074
0.5782087445259094,0.5596799254417419
0.5779435038566589,0.5596043467521667
0.5781997442245483,0.5597692728042603
0.5778430104255676,0.5598496794700623
