val,test
0.39952972531318665,0.40796351432800293
0.4000762403011322,0.40675637125968933
0.4012322723865509,0.40337857604026794
0.40532219409942627,0.4080011546611786
0.40100759267807007,0.40506038069725037
0.3969532251358032,0.40162238478660583
0.4010787606239319,0.4053112268447876
0.3966819941997528,0.4031655788421631
0.39966994524002075,0.40499088168144226
0.40167516469955444,0.4073501229286194
