val,test
0.1413131207227707,0.14063207805156708
0.12906432151794434,0.1285305917263031
0.12725484371185303,0.12689253687858582
0.12608087062835693,0.12597443163394928
0.12562905251979828,0.12568454444408417
0.12706629931926727,0.1252828985452652
0.12661492824554443,0.1258629709482193
0.126113161444664,0.12490913271903992
0.12485234439373016,0.12506359815597534
0.12514349818229675,0.12430400401353836
