val,test
0.3022170066833496,0.3003147542476654
0.30313432216644287,0.30104267597198486
0.3010220229625702,0.30309584736824036
0.30106818675994873,0.30057063698768616
0.30315330624580383,0.30175092816352844
0.3018796145915985,0.30336424708366394
0.30330750346183777,0.30075153708457947
0.3021671772003174,0.3031250536441803
0.30207252502441406,0.2989087998867035
0.30276361107826233,0.30381107330322266
