val,test
0.353363037109375,0.3514300584793091
0.35325881838798523,0.35153424739837646
0.35324424505233765,0.3520064949989319
0.3528399169445038,0.35205188393592834
0.35292693972587585,0.3513246178627014
0.3534499704837799,0.35175952315330505
0.3531612455844879,0.3519594967365265
0.35310477018356323,0.3518807590007782
0.35361865162849426,0.3520548939704895
0.35300296545028687,0.3515012562274933
