val,test
0.8318115472793579,0.8312451839447021
0.8314539790153503,0.8329794406890869
0.8261401057243347,0.8361989855766296
0.8261661529541016,0.8327480554580688
0.8348747491836548,0.8263578414916992
0.829507052898407,0.8256741166114807
0.8292359113693237,0.8299893140792847
0.8338239192962646,0.8334556818008423
0.8322303891181946,0.8300819993019104
0.8337158560752869,0.8305115103721619
