val,test
0.454067587852478,0.4515126049518585
0.45371514558792114,0.45189157128334045
0.4537023901939392,0.4520774185657501
0.45443370938301086,0.45234906673431396
0.45406922698020935,0.4521036148071289
0.45309212803840637,0.4522057771682739
0.45369163155555725,0.4512617588043213
0.45411133766174316,0.45175477862358093
0.45339077711105347,0.4524577856063843
0.4542403221130371,0.4514138400554657
