val,test
0.13956832885742188,0.14105872809886932
0.1336461454629898,0.1365233212709427
0.132559671998024,0.13330386579036713
0.1322445273399353,0.13306453824043274
0.13255584239959717,0.13191702961921692
0.13079281151294708,0.1328098177909851
0.13150127232074738,0.1316591203212738
0.12998928129673004,0.13182924687862396
0.1304052472114563,0.13040700554847717
0.13098344206809998,0.13053098320960999
