val,test
0.6347751617431641,0.6248507499694824
0.4480893909931183,0.441836953163147
0.3368369936943054,0.3334978520870209
0.27109214663505554,0.27041468024253845
0.2333756536245346,0.23406530916690826
0.21116770803928375,0.21336066722869873
0.19858671724796295,0.20230314135551453
0.19172383844852448,0.1953737735748291
0.18694889545440674,0.19212915003299713
0.18509972095489502,0.1906871497631073
