val,test
0.36622899770736694,0.36927586793899536
0.3662717938423157,0.3695998191833496
0.3661683201789856,0.3691035509109497
0.3662318289279938,0.36920130252838135
0.3664415776729584,0.36953237652778625
0.36619922518730164,0.3694557249546051
0.3660813868045807,0.36931726336479187
0.36626142263412476,0.3693436086177826
0.36605343222618103,0.3694562315940857
0.36612024903297424,0.36899614334106445
