val,test
0.14395029842853546,0.14321209490299225
0.13784250617027283,0.13569514453411102
0.13536007702350616,0.13305161893367767
0.1343086212873459,0.13510385155677795
0.13343606889247894,0.13289013504981995
0.13256974518299103,0.13182643055915833
0.13121956586837769,0.13181926310062408
0.13215509057044983,0.13091830909252167
0.13186076283454895,0.13055108487606049
0.13115255534648895,0.1298808604478836
