val,test
0.13548772037029266,0.13536548614501953
0.13048812747001648,0.13015341758728027
0.126410111784935,0.12696301937103271
0.12505824863910675,0.12627798318862915
0.12530508637428284,0.12537911534309387
0.1240583136677742,0.12559154629707336
0.12421535700559616,0.12473113089799881
0.12473996728658676,0.12599235773086548
0.12410438060760498,0.12484714388847351
0.12333639711141586,0.12476877868175507
