val,test
0.13093078136444092,0.13744878768920898
0.12648066878318787,0.13248729705810547
0.12497835606336594,0.13049250841140747
0.12325967103242874,0.12921710312366486
0.12272291630506516,0.12807443737983704
0.12230166792869568,0.1287204474210739
0.12267221510410309,0.1280573010444641
0.12238164991140366,0.12828010320663452
0.12202893197536469,0.12762603163719177
0.12231350690126419,0.12779973447322845
