val,test
0.3248128294944763,0.3183772563934326
0.21130916476249695,0.2101689726114273
0.1969279944896698,0.1953577697277069
0.18892274796962738,0.18824347853660583
0.18104752898216248,0.18225914239883423
0.17690269649028778,0.17442287504673004
0.17507143318653107,0.1728951334953308
0.17094305157661438,0.16857139766216278
0.16990847885608673,0.16533100605010986
0.16934704780578613,0.16469471156597137
