val,test
0.1667507439851761,0.1684231460094452
0.15872517228126526,0.1610533595085144
0.1566523313522339,0.15591681003570557
0.15460605919361115,0.15446354448795319
0.1537063717842102,0.15312573313713074
0.15210245549678802,0.15188802778720856
0.15138399600982666,0.14985083043575287
0.14874660968780518,0.14997394382953644
0.14699091017246246,0.14819185435771942
0.14886035025119781,0.14746248722076416
