val,test
0.26953524351119995,0.24968335032463074
0.26072561740875244,0.24900244176387787
0.25613540410995483,0.247653529047966
0.2595131993293762,0.2495233118534088
0.264475017786026,0.24631299078464508
0.26665136218070984,0.24738623201847076
0.2658185064792633,0.24532216787338257
0.2706364393234253,0.24517817795276642
0.2679813802242279,0.25425955653190613
0.2652013897895813,0.2428729087114334
