val,test
0.15383288264274597,0.1634613573551178
0.11945812404155731,0.12521076202392578
0.10977789014577866,0.11940916627645493
0.10773520171642303,0.11744675040245056
0.11111327260732651,0.11914030462503433
0.10456680506467819,0.11686064302921295
0.10968725383281708,0.11863498389720917
0.1079845055937767,0.11799328774213791
0.10874833911657333,0.1163165494799614
0.10740054398775101,0.11646915972232819
