val,test
0.1794251948595047,0.17839372158050537
0.12501047551631927,0.1329258680343628
0.11743289232254028,0.12517450749874115
0.11188998818397522,0.12012585252523422
0.11532074213027954,0.11779775470495224
0.11400356143712997,0.11774449050426483
0.11481639742851257,0.11687569320201874
0.11104882508516312,0.11618327349424362
0.11123599857091904,0.11368541419506073
0.1109289899468422,0.11443838477134705
