val,test
0.2084687352180481,0.24048666656017303
0.20901373028755188,0.23903846740722656
0.21137060225009918,0.23571370542049408
0.21668148040771484,0.241011843085289
0.21558858454227448,0.23592829704284668
0.21054916083812714,0.24100124835968018
0.20906610786914825,0.2424948364496231
0.2139337658882141,0.2313397377729416
0.21074587106704712,0.24013301730155945
0.21527738869190216,0.23739100992679596
