val,test
0.40397876501083374,0.43476036190986633
0.4021414816379547,0.4377223551273346
0.4051497280597687,0.4351089596748352
0.4034167528152466,0.4348418712615967
0.4022190570831299,0.43345823884010315
0.40334224700927734,0.4342580735683441
0.4029024541378021,0.4353683590888977
0.40428608655929565,0.43401098251342773
0.40267470479011536,0.4337383806705475
0.40327462553977966,0.43443191051483154
