val,test
0.20952335000038147,0.2114344835281372
0.18398219347000122,0.1866268664598465
0.17583681643009186,0.17507809400558472
0.1642870008945465,0.17498746514320374
0.16571058332920074,0.15968336164951324
0.1593749225139618,0.15418928861618042
0.1543034315109253,0.15474793314933777
0.1478263884782791,0.14649350941181183
0.148231640458107,0.14588171243667603
0.1468152403831482,0.14448752999305725
