val,test
0.13804878294467926,0.1365731805562973
0.13373377919197083,0.1304449886083603
0.1323157101869583,0.1340090036392212
0.129872128367424,0.12866699695587158
0.12992937862873077,0.12703917920589447
0.1302674114704132,0.12709370255470276
0.13045582175254822,0.12201712280511856
0.13217821717262268,0.12519533932209015
0.13249391317367554,0.12176807224750519
0.12819886207580566,0.12258217483758926
