val,test
0.1772797405719757,0.19886761903762817
0.1680685430765152,0.18793834745883942
0.1600126475095749,0.17905931174755096
0.15093709528446198,0.17188827693462372
0.14593371748924255,0.16463494300842285
0.13934995234012604,0.15809234976768494
0.13484711945056915,0.15320296585559845
0.13103941082954407,0.14729474484920502
0.126052126288414,0.1432407647371292
0.1212368756532669,0.1383432000875473
