val,test
0.1579863429069519,0.15768934786319733
0.15858004987239838,0.15734487771987915
0.15815462172031403,0.15737448632717133
0.15720956027507782,0.15750594437122345
0.1578647792339325,0.1577189862728119
0.15795069932937622,0.15692991018295288
0.15776722133159637,0.15723654627799988
0.15785393118858337,0.15719373524188995
0.15729035437107086,0.15709275007247925
0.15738777816295624,0.1573943942785263
