val,test
0.26094454526901245,0.25922346115112305
0.2676202058792114,0.2614670991897583
0.2656746208667755,0.2507098615169525
0.2598792016506195,0.2621815800666809
0.268418550491333,0.2541274130344391
0.26290544867515564,0.25277984142303467
0.2675977349281311,0.26033711433410645
0.2665109634399414,0.25552046298980713
0.26345494389533997,0.25531092286109924
0.26858407258987427,0.26388809084892273
