val,test
0.2694627642631531,0.2713545262813568
0.26251524686813354,0.2621162533760071
0.257384330034256,0.2575263977050781
0.2506060004234314,0.2520008981227875
0.24744999408721924,0.24706506729125977
0.24455507099628448,0.24360255897045135
0.24084317684173584,0.24072770774364471
0.23836785554885864,0.23726986348628998
0.2356269508600235,0.23499399423599243
0.23186999559402466,0.2322792261838913
