val,test
0.14068330824375153,0.1432080715894699
0.11638031154870987,0.11388669162988663
0.10892078280448914,0.1090020090341568
0.10808998346328735,0.10879183560609818
0.10825399309396744,0.11008016020059586
0.11088776588439941,0.10879698395729065
0.11011423915624619,0.1111050546169281
0.11099447309970856,0.1093934029340744
0.10598637908697128,0.11055143177509308
0.10857366770505905,0.1097535565495491
