val,test
0.11066418886184692,0.1021871417760849
0.10902968049049377,0.10114271193742752
0.1100756824016571,0.10187988728284836
0.1096600592136383,0.10235218703746796
0.11041738837957382,0.10363579541444778
0.1117783933877945,0.10311345756053925
0.10970113426446915,0.10186850279569626
0.10770492255687714,0.10227398574352264
0.10976243764162064,0.10150639712810516
0.10962267220020294,0.10310086607933044
