val,test
0.19797760248184204,0.1760179102420807
0.19786471128463745,0.1767248809337616
0.1972443014383316,0.1765410602092743
0.19650940597057343,0.1769525408744812
0.1980079710483551,0.17659781873226166
0.19719567894935608,0.1763489991426468
0.19635078310966492,0.17578358948230743
0.19691120088100433,0.1764308214187622
0.19676291942596436,0.17629903554916382
0.1977549046278,0.17748883366584778
