val,test
0.1576428860425949,0.13919413089752197
0.13817144930362701,0.12068439275026321
0.12793603539466858,0.11188877373933792
0.12181776762008667,0.10579454153776169
0.11679348349571228,0.10205262899398804
0.11335545778274536,0.09882991760969162
0.1102062314748764,0.09643901139497757
0.10764604806900024,0.09452194720506668
0.10605806112289429,0.09390794485807419
0.10533356666564941,0.09294269233942032
