val,test
0.22813032567501068,0.23559238016605377
0.23829376697540283,0.2307027280330658
0.2271781861782074,0.23695236444473267
0.2240837663412094,0.24079447984695435
0.22942756116390228,0.23478654026985168
0.2346895933151245,0.23911777138710022
0.22889956831932068,0.22494368255138397
0.23447130620479584,0.23625129461288452
0.22396427392959595,0.23884771764278412
0.23027662932872772,0.2311536967754364
