val,test
0.13930785655975342,0.13597922027111053
0.1371203064918518,0.1357908397912979
0.12659871578216553,0.13381093740463257
0.13219255208969116,0.12768016755580902
0.13013619184494019,0.12900157272815704
0.1339060664176941,0.130690798163414
0.13380178809165955,0.12832428514957428
0.1319396048784256,0.1274387389421463
0.13045859336853027,0.12667346000671387
0.13115155696868896,0.12781217694282532
