val,test
0.1080055832862854,0.0987185388803482
0.10413898527622223,0.09451209753751755
0.10270056128501892,0.09355708956718445
0.10198968648910522,0.09403566271066666
0.10174710303544998,0.09398892521858215
0.10189402848482132,0.09404115378856659
0.10241658240556717,0.0939415991306305
0.10232274234294891,0.09459313750267029
0.10184373706579208,0.09533730149269104
0.10274134576320648,0.09490109235048294
