val,test
0.46277153491973877,0.4819035232067108
0.3715985417366028,0.3887420892715454
0.32137131690979004,0.33906203508377075
0.2941720485687256,0.3070526421070099
0.27170976996421814,0.2857462167739868
0.25138136744499207,0.2657501697540283
0.23399627208709717,0.24892474710941315
0.21844755113124847,0.23389120399951935
0.2052229344844818,0.21872864663600922
0.19232679903507233,0.20623590052127838
