val,test
0.12135925143957138,0.1096821278333664
0.12053253501653671,0.11053572595119476
0.12090572714805603,0.11004036664962769
0.12094098329544067,0.1096254289150238
0.12123867869377136,0.10935214161872864
0.12105891108512878,0.10970474034547806
0.1209201067686081,0.10959184169769287
0.12085270881652832,0.10898702591657639
0.12134942412376404,0.1097814068198204
0.12069051712751389,0.10940218716859818
