val,test
0.1620810627937317,0.16131088137626648
0.16152465343475342,0.16155482828617096
0.16271427273750305,0.16200518608093262
0.1618279665708542,0.1609037071466446
0.1619504988193512,0.16154563426971436
0.1616523116827011,0.16170266270637512
0.1622607409954071,0.1608603149652481
0.16183675825595856,0.16133233904838562
0.16197490692138672,0.16178186237812042
0.16196218132972717,0.1612630933523178
