val,test
0.5782082080841064,0.5992181897163391
0.5732173919677734,0.5990180373191833
0.5776724815368652,0.5976242423057556
0.5780832767486572,0.5993368625640869
0.5802159309387207,0.6002927422523499
0.5762050747871399,0.5984323024749756
0.5741937160491943,0.597097635269165
0.5774837136268616,0.5968409776687622
0.5776114463806152,0.5992257595062256
0.5765935778617859,0.598415195941925
