val,test
0.1865169107913971,0.2059830129146576
0.17648865282535553,0.19950391352176666
0.16883528232574463,0.18608838319778442
0.16143621504306793,0.18286967277526855
0.15656019747257233,0.17480872571468353
0.1532105952501297,0.17401491105556488
0.14788798987865448,0.1699082851409912
0.1428888440132141,0.1671544313430786
0.14142820239067078,0.16171777248382568
0.1396692395210266,0.16025663912296295
