val,test
0.13317221403121948,0.14946694672107697
0.10910037904977798,0.11713908612728119
0.10060271620750427,0.11074569821357727
0.09920340776443481,0.10838264226913452
0.0998537614941597,0.10853176563978195
0.09990528970956802,0.10831392556428909
0.1006421446800232,0.1074109822511673
0.09711389243602753,0.10903631895780563
0.09975126385688782,0.10940048098564148
0.09661998599767685,0.10665849596261978
