val,test
0.1337786167860031,0.14479146897792816
0.13152240216732025,0.1417778879404068
0.1312779039144516,0.13779954612255096
0.13195665180683136,0.13910555839538574
0.13017523288726807,0.13888117671012878
0.12836763262748718,0.1312038004398346
0.13011308014392853,0.13573209941387177
0.12834219634532928,0.13657498359680176
0.13462215662002563,0.13554610311985016
0.12604476511478424,0.13392135500907898
