val,test
0.2050231546163559,0.23486438393592834
0.219685897231102,0.23571760952472687
0.21988438069820404,0.24021494388580322
0.21225151419639587,0.2447585016489029
0.21988195180892944,0.23893557488918304
0.21973910927772522,0.24435551464557648
0.21386073529720306,0.23489420115947723
0.21880722045898438,0.23563726246356964
0.21519246697425842,0.24186095595359802
0.21192841231822968,0.24923309683799744
