val,test
0.13535043597221375,0.1386723518371582
0.131806418299675,0.13045956194400787
0.13060781359672546,0.13529306650161743
0.1252593994140625,0.12858526408672333
0.12602010369300842,0.12682969868183136
0.12500976026058197,0.1309276670217514
0.12408735603094101,0.1261293888092041
0.12380730360746384,0.1297731101512909
0.12370256334543228,0.12773042917251587
0.12003126740455627,0.13066871464252472
