val,test
0.5744946599006653,0.5941452980041504
0.5750802159309387,0.596555769443512
0.5721710920333862,0.5911974310874939
0.5710132718086243,0.5928624868392944
0.5749356746673584,0.5902040004730225
0.5739334225654602,0.5949707627296448
0.5764915347099304,0.5916011929512024
0.5705675482749939,0.5969076156616211
0.5757599472999573,0.5932000279426575
0.5762574672698975,0.5945823192596436
