val,test
0.3548998534679413,0.40666016936302185
0.3556745946407318,0.40853628516197205
0.35429105162620544,0.4079555571079254
0.3556102514266968,0.4076441526412964
0.35390570759773254,0.4074263870716095
0.35565632581710815,0.4076167941093445
0.3555804193019867,0.4081145226955414
0.35319003462791443,0.40835192799568176
0.35579219460487366,0.4076675474643707
0.35543960332870483,0.4069589674472809
