val,test
0.16562288999557495,0.17309527099132538
0.13588376343250275,0.14749561250209808
0.11420395225286484,0.12660455703735352
0.10545527189970016,0.12447181344032288
0.1053207591176033,0.12335901707410812
0.10332991927862167,0.11898423731327057
0.10265013575553894,0.11877615004777908
0.1020524874329567,0.12075811624526978
0.1003514975309372,0.11792454123497009
0.1021258533000946,0.1203862875699997
