val,test
0.5291533470153809,0.5464032888412476
0.5039864778518677,0.5227143168449402
0.48383671045303345,0.501815676689148
0.47049498558044434,0.4906894564628601
0.4555255174636841,0.4716855585575104
0.44306644797325134,0.4629315137863159
0.4296884536743164,0.44527170062065125
0.4226815104484558,0.43975529074668884
0.4118904173374176,0.4280422031879425
0.4030771553516388,0.4164257347583771
