val,test
0.2202240526676178,0.22357219457626343
0.22004882991313934,0.22289550304412842
0.22717531025409698,0.22603686153888702
0.22943882644176483,0.22370554506778717
0.22047404944896698,0.2281407117843628
0.21930286288261414,0.21772998571395874
0.21663588285446167,0.2220168262720108
0.22075238823890686,0.22652678191661835
0.21758204698562622,0.2177170366048813
0.2214822769165039,0.2219730168581009
