val,test
0.1682525873184204,0.14709670841693878
0.12385925650596619,0.11506083607673645
0.11471906304359436,0.1114613488316536
0.11759839206933975,0.1106204092502594
0.12011617422103882,0.11003345996141434
0.11873221397399902,0.10837836563587189
0.11880943179130554,0.10777159780263901
0.11625300347805023,0.10710635036230087
0.11485902965068817,0.10752006620168686
0.11637195944786072,0.10888531059026718
