val,test
0.20879711210727692,0.22461086511611938
0.21222957968711853,0.22651764750480652
0.21024617552757263,0.22391881048679352
0.20782826840877533,0.22542893886566162
0.21705231070518494,0.22984807193279266
0.21314573287963867,0.2244339883327484
0.2149072289466858,0.22511249780654907
0.2054900974035263,0.22880369424819946
0.21506205201148987,0.2315637469291687
0.22250214219093323,0.23282594978809357
