val,test
0.12277153134346008,0.12288587540388107
0.10657408088445663,0.10648199170827866
0.10450024902820587,0.10495135933160782
0.1011408269405365,0.10277996957302094
0.10245044529438019,0.10025884211063385
0.10140157490968704,0.10216578841209412
0.10138681530952454,0.10285995155572891
0.10258854925632477,0.1014179214835167
0.10214676707983017,0.10194353759288788
0.10172758251428604,0.10115067660808563
