val,test
0.335025429725647,0.38673123717308044
0.32573455572128296,0.378128319978714
0.32058385014533997,0.3708890676498413
0.3156473636627197,0.36554333567619324
0.311493843793869,0.36142903566360474
0.3072976768016815,0.35795044898986816
0.30469581484794617,0.3535735607147217
0.30134761333465576,0.35086125135421753
0.2984226942062378,0.3477311134338379
0.2953537404537201,0.3441908657550812
