val,test
0.2225588858127594,0.23977285623550415
0.22983428835868835,0.24722959101200104
0.2215714007616043,0.24271491169929504
0.22449472546577454,0.2487604171037674
0.2159455120563507,0.240805521607399
0.2201080322265625,0.2419702559709549
0.22087867558002472,0.23864510655403137
0.22126495838165283,0.24156829714775085
0.22664333879947662,0.24501608312129974
0.21557794511318207,0.23821404576301575
