val,test
0.25599420070648193,0.24459582567214966
0.25479358434677124,0.25195667147636414
0.25379014015197754,0.24421054124832153
0.24515266716480255,0.25373467803001404
0.24842941761016846,0.24945178627967834
0.25166985392570496,0.25193098187446594
0.26241394877433777,0.24730263650417328
0.2464732974767685,0.24601031839847565
0.25797149538993835,0.2570713460445404
0.2534656226634979,0.24955832958221436
