val,test
0.18538163602352142,0.164953351020813
0.17925520241260529,0.1594349443912506
0.17582744359970093,0.1565445214509964
0.17255908250808716,0.15233343839645386
0.16935518383979797,0.15029919147491455
0.16730764508247375,0.14731281995773315
0.16478481888771057,0.14542974531650543
0.16314567625522614,0.14401596784591675
0.16100063920021057,0.1421629786491394
0.15875667333602905,0.14056344330310822
