val,test
0.31496042013168335,0.28943362832069397
0.3138413429260254,0.28933027386665344
0.3137805163860321,0.2906090021133423
0.3170221447944641,0.2895081341266632
0.3132559061050415,0.29159054160118103
0.31435298919677734,0.28968310356140137
0.31435346603393555,0.28978845477104187
0.31630995869636536,0.28909170627593994
0.31409770250320435,0.29241111874580383
0.3153446316719055,0.2895384132862091
