val,test
0.19002528488636017,0.16894197463989258
0.18929269909858704,0.1688307523727417
0.18956564366817474,0.16916318237781525
0.1900847852230072,0.16892926394939423
0.18916988372802734,0.16874155402183533
0.1895521879196167,0.1688975691795349
0.18943077325820923,0.16892123222351074
0.1901770979166031,0.16890856623649597
0.1890789419412613,0.16890548169612885
0.1897553950548172,0.16886179149150848
