val,test
0.4804800748825073,0.5124413967132568
0.48650267720222473,0.5084071159362793
0.480682909488678,0.5083913207054138
0.4865610599517822,0.511806845664978
0.48411133885383606,0.5092320442199707
0.4872781038284302,0.5055471658706665
0.4799458682537079,0.5111660361289978
0.47941088676452637,0.5124837756156921
0.4780367314815521,0.5119028091430664
0.4829428195953369,0.5111093521118164
