val,test
0.1995992809534073,0.2063969075679779
0.1880744993686676,0.19323599338531494
0.1852334439754486,0.1939673125743866
0.17855960130691528,0.1841208040714264
0.17327672243118286,0.17230598628520966
0.1630314290523529,0.17170313000679016
0.16025274991989136,0.16145890951156616
0.15509481728076935,0.16218803822994232
0.1545080542564392,0.16286700963974
0.15149720013141632,0.1590198427438736
