val,test
0.18639478087425232,0.20611834526062012
0.16993440687656403,0.1932903677225113
0.16452719271183014,0.18523156642913818
0.16171497106552124,0.1888381838798523
0.1514560580253601,0.1770714521408081
0.14721935987472534,0.17125539481639862
0.14188024401664734,0.16627219319343567
0.14207123219966888,0.1641935259103775
0.14111177623271942,0.16186243295669556
0.13602152466773987,0.1622925102710724
