val,test
0.28950679302215576,0.2872878909111023
0.2896714508533478,0.28830230236053467
0.28908225893974304,0.2874845862388611
0.28840360045433044,0.28839462995529175
0.2882014214992523,0.28820115327835083
0.2894825041294098,0.28906163573265076
0.28876328468322754,0.2885887622833252
0.29098305106163025,0.2881337106227875
0.2882401943206787,0.28856024146080017
0.2899763882160187,0.28979793190956116
