val,test
0.3107677698135376,0.30964717268943787
0.2987895905971527,0.298086017370224
0.2897839844226837,0.28817734122276306
0.28008952736854553,0.27768194675445557
0.27462872862815857,0.2721388041973114
0.2669925391674042,0.2655045688152313
0.2622682452201843,0.25857260823249817
0.25484296679496765,0.25533565878868103
0.25003108382225037,0.2497464120388031
0.24393585324287415,0.2466164082288742
