val,test
0.13993075489997864,0.14657174050807953
0.11179280281066895,0.10514553636312485
0.10925660282373428,0.106476329267025
0.10946474224328995,0.10893219709396362
0.11042514443397522,0.10779154300689697
0.10867048054933548,0.10584652423858643
0.10834936052560806,0.10462202876806259
0.1095566526055336,0.10668332874774933
0.10648733377456665,0.10464991629123688
0.10728543996810913,0.10551594942808151
