val,test
0.15232953429222107,0.15643619000911713
0.12023958563804626,0.12806279957294464
0.10758058726787567,0.1153460219502449
0.10431018471717834,0.1145365759730339
0.101569764316082,0.11217339336872101
0.09913031756877899,0.11293193697929382
0.09876430779695511,0.11027482151985168
0.09980868548154831,0.10983308404684067
0.10062558203935623,0.10969720035791397
0.10034247487783432,0.10890839993953705
