val,test
0.2860579490661621,0.2602598965167999
0.2602061331272125,0.23380829393863678
0.2395281195640564,0.2151174694299698
0.21693752706050873,0.19748125970363617
0.20082207024097443,0.1796473115682602
0.18806259334087372,0.16652821004390717
0.17779193818569183,0.15808740258216858
0.1658124327659607,0.1454223245382309
0.15906716883182526,0.13751205801963806
0.1518811732530594,0.13244232535362244
