val,test
0.3605361878871918,0.3919505476951599
0.32472655177116394,0.35400286316871643
0.29513880610466003,0.3218091130256653
0.26805076003074646,0.29441457986831665
0.24764171242713928,0.2716199457645416
0.22772766649723053,0.25168097019195557
0.2108749896287918,0.23448523879051208
0.19659094512462616,0.21985577046871185
0.18429701030254364,0.20728318393230438
0.1738695502281189,0.19562485814094543
