val,test
0.13789862394332886,0.13404065370559692
0.137096107006073,0.13153323531150818
0.13138335943222046,0.13034594058990479
0.13144086301326752,0.13169533014297485
0.1306053102016449,0.13189883530139923
0.12516334652900696,0.12952452898025513
0.12444541603326797,0.12691813707351685
0.1301087886095047,0.128494992852211
0.12362153828144073,0.12281019240617752
0.1283937692642212,0.12975458800792694
