val,test
0.33456164598464966,0.3333882987499237
0.33389168977737427,0.3346720337867737
0.33477330207824707,0.33501049876213074
0.3344039022922516,0.3342767059803009
0.3363742530345917,0.33432063460350037
0.3333812952041626,0.3340015113353729
0.3357386887073517,0.333965003490448
0.33461448550224304,0.3344079256057739
0.3349020481109619,0.3342089354991913
0.33470213413238525,0.3336160182952881
