val,test
0.6817125678062439,0.7181735634803772
0.6830536723136902,0.7165079116821289
0.6825330853462219,0.7124444246292114
0.6908343434333801,0.706843376159668
0.6818969249725342,0.7086291313171387
0.6741976737976074,0.7043580412864685
0.6796585917472839,0.7053799629211426
0.6860496401786804,0.7159328460693359
0.6735761761665344,0.7022478580474854
0.6835247874259949,0.7110393643379211
