val,test
0.11208339035511017,0.12468597292900085
0.10728968679904938,0.12127848714590073
0.10806094855070114,0.12469842284917831
0.10933226346969604,0.11957654356956482
0.10855202376842499,0.11948209255933762
0.11004985868930817,0.11991376429796219
0.10859489440917969,0.11990871280431747
0.11047319322824478,0.11810732632875443
0.11009809374809265,0.12062770873308182
0.10716293007135391,0.11917338520288467
