val,test
0.20783185958862305,0.22773313522338867
0.22028100490570068,0.23845624923706055
0.22020232677459717,0.23115739226341248
0.21884246170520782,0.22926592826843262
0.21941035985946655,0.23473122715950012
0.2140548676252365,0.22548352181911469
0.21509574353694916,0.23331467807292938
0.21841906011104584,0.23788131773471832
0.21665067970752716,0.21911178529262543
0.22358590364456177,0.23668156564235687
