val,test
0.15207672119140625,0.15556634962558746
0.15217019617557526,0.15557189285755157
0.15193642675876617,0.15544098615646362
0.15204623341560364,0.15558798611164093
0.1523003727197647,0.15549471974372864
0.1522468775510788,0.15550465881824493
0.15213781595230103,0.15536169707775116
0.15225659310817719,0.1554807424545288
0.15222422778606415,0.15545852482318878
0.1520811915397644,0.15552973747253418
