val,test
0.11486349999904633,0.12493015080690384
0.11207007616758347,0.12034497410058975
0.10987326502799988,0.1188245415687561
0.11062303185462952,0.11899513006210327
0.10677354782819748,0.11624786257743835
0.1057760939002037,0.11634070426225662
0.1047268956899643,0.11668871343135834
0.10457253456115723,0.11461059749126434
0.10567603260278702,0.11447901278734207
0.10432011634111404,0.114296093583107
