val,test
0.13309814035892487,0.13600197434425354
0.12745435535907745,0.129755437374115
0.1266898363828659,0.1374165117740631
0.12768815457820892,0.13890671730041504
0.12421288341283798,0.13530291616916656
0.1292058229446411,0.1353859156370163
0.12477657943964005,0.13381381332874298
0.12570451200008392,0.12907983362674713
0.12365153431892395,0.13256892561912537
0.12694071233272552,0.12949799001216888
