val,test
0.1551159918308258,0.14503121376037598
0.15701131522655487,0.1431218534708023
0.15498104691505432,0.14529143273830414
0.15819402039051056,0.14557458460330963
0.15460728108882904,0.14304602146148682
0.15420396625995636,0.1450817584991455
0.15437382459640503,0.146214559674263
0.15451747179031372,0.14535224437713623
0.15439583361148834,0.14555519819259644
0.15574626624584198,0.14584022760391235
