val,test
0.2197272628545761,0.236122265458107
0.22508937120437622,0.2332627922296524
0.23117658495903015,0.23323602974414825
0.21993155777454376,0.23295238614082336
0.23161430656909943,0.23186053335666656
0.2209405153989792,0.23510415852069855
0.2264251708984375,0.2336818128824234
0.21905577182769775,0.23837797343730927
0.2128763645887375,0.23421503603458405
0.22433041036128998,0.23707404732704163
