val,test
0.2577997148036957,0.2585623860359192
0.2581791281700134,0.2565741240978241
0.27282389998435974,0.25890401005744934
0.2655229866504669,0.2639256715774536
0.26515480875968933,0.25786617398262024
0.25335463881492615,0.2531925141811371
0.2642385959625244,0.25627171993255615
0.2673560082912445,0.2585371136665344
0.2621139585971832,0.2623192071914673
0.2629096508026123,0.2605913281440735
