val,test
0.19032950699329376,0.20802585780620575
0.18665765225887299,0.2126964032649994
0.18885761499404907,0.208090677857399
0.18447071313858032,0.20926043391227722
0.19281893968582153,0.20834869146347046
0.1829487383365631,0.20870636403560638
0.18966048955917358,0.20513738691806793
0.191081240773201,0.21014729142189026
0.1885136216878891,0.2111729383468628
0.18940266966819763,0.207613006234169
