val,test
0.27194058895111084,0.2713189125061035
0.27071288228034973,0.2686674892902374
0.26381897926330566,0.2755270302295685
0.2736005187034607,0.269161194562912
0.266375333070755,0.2670099437236786
0.27110546827316284,0.2784203588962555
0.27103912830352783,0.26902931928634644
0.28154322504997253,0.26809585094451904
0.27298998832702637,0.2753481864929199
0.2686065435409546,0.2596052289009094
