val,test
0.22681288421154022,0.22481860220432281
0.22962765395641327,0.22589749097824097
0.23335804045200348,0.2199486345052719
0.22922024130821228,0.22086559236049652
0.22878074645996094,0.21976445615291595
0.2350151240825653,0.2212202548980713
0.23272699117660522,0.2212996780872345
0.24139593541622162,0.21322837471961975
0.23604142665863037,0.2200949341058731
0.22868549823760986,0.22501085698604584
