val,test
0.20815563201904297,0.20975439250469208
0.21142658591270447,0.21001382172107697
0.20959532260894775,0.20998792350292206
0.20866340398788452,0.2090679556131363
0.20785360038280487,0.20947475731372833
0.2087095081806183,0.20783914625644684
0.20951856672763824,0.20883509516716003
0.20776468515396118,0.2112961709499359
0.20868995785713196,0.20865938067436218
0.21029521524906158,0.20980139076709747
