val,test
0.12995170056819916,0.13652975857257843
0.13020142912864685,0.13714644312858582
0.1231633871793747,0.14140388369560242
0.12384727597236633,0.1328148990869522
0.1247774064540863,0.13369691371917725
0.12428539246320724,0.12950275838375092
0.12398262321949005,0.13011151552200317
0.12518274784088135,0.13230867683887482
0.12447192519903183,0.12982188165187836
0.12499965727329254,0.13031034171581268
