val,test
0.36580970883369446,0.38095346093177795
0.37011080980300903,0.3738660216331482
0.37336117029190063,0.3767254650592804
0.3785690367221832,0.37265250086784363
0.37150660157203674,0.37257450819015503
0.36016836762428284,0.37039053440093994
0.3662498891353607,0.36978089809417725
0.36307188868522644,0.3690823018550873
0.3737488090991974,0.3687328100204468
0.3664378225803375,0.37378767132759094
