val,test
0.147267147898674,0.13680337369441986
0.14514274895191193,0.1343429833650589
0.1383693665266037,0.12635061144828796
0.13780581951141357,0.12430156767368317
0.13225677609443665,0.1246274933218956
0.12928150594234467,0.11924802511930466
0.1285417079925537,0.11867593973875046
0.12217756360769272,0.11940831691026688
0.12411251664161682,0.11496864259243011
0.12539492547512054,0.11419680714607239
