val,test
0.21954895555973053,0.24097199738025665
0.2261510044336319,0.23727072775363922
0.22420425713062286,0.23598527908325195
0.2254590541124344,0.23958852887153625
0.22031600773334503,0.24172517657279968
0.23009254038333893,0.2359960973262787
0.2216007560491562,0.23298855125904083
0.2307703197002411,0.23671846091747284
0.22868844866752625,0.2292550653219223
0.2306196540594101,0.23133254051208496
