val,test
0.1791543960571289,0.19235356152057648
0.17946650087833405,0.1941077560186386
0.17966917157173157,0.19147121906280518
0.18028979003429413,0.19272732734680176
0.17951373755931854,0.1926988959312439
0.17891061305999756,0.19291779398918152
0.1781601756811142,0.19313637912273407
0.1791425496339798,0.19382517039775848
0.1812698245048523,0.19449706375598907
0.18030934035778046,0.19435445964336395
